word	root	lemma
آب	جذر	آب
آبائي	جذر	آباء
آبار	جذر	آبار
آثار	جذر	آثار
آخر	جذر	آخر
آذار	جذر	آذار
آراء	جذر	آراء
آسيا	جذر	آسيا;آس
آل	جذر	آل;آلى
آلاف	جذر	آلاف
آمال	جذر	آمال
آمنة	جذر	آمن
آن	جذر	آن
آنذاك	جذر	آنذاك
أأحدثكم	جذر	حدث;أحدث
أب	جذر	أب;آب
أبتاه	جذر	بت;أبى;أبا
أبتكر	جذر	ابتكر
أبجديتي	جذر	جدي;جد;جدة;أبجدي
أبحاث	جذر	أبحاث;بحاث
أبحث	جذر	بحث
أبدا	جذر	بدا;أبد;أبدا
أبدع	جذر	أبدع;بدع
أبدية	جذر	أبدي;أبد;دية
أبرز	جذر	أبرز;برز;رز
أبريل	جذر	أبريل
أبطال	جذر	أبطال
أبعد	جذر	أبعد;عد;بعد
أبعدته	جذر	عد;أبعد;عدة;بعد
أبناء	جذر	بناء;أبناء
أبو	جذر	أبو;أبوي
أبوح	جذر	باح;بوح
أبوها	جذر	أبو
أبي	جذر	بي;أبى;أبي;أب;أبا
أبيات	جذر	أبي;أبيات;أب
أبيض	جذر	باض;أبيض;بيض;ابيض
أتأمل	جذر	أمل;تأمل
أتابع	جذر	تابع
أتباعه	جذر	تباع
أتحدث	جذر	حدث;تحدث;أحدث
أتذكر	جذر	اذكر;ذكر;تذكر
أتساءل	جذر	ساءل;تساءل
أتعامل	جذر	تعامل;عامل
أتمرد	جذر	تمرد;مرد
أتمنى	جذر	تمنى;منى
أثار	جذر	ثار;أثار
أثارته	جذر	أثار
أثبت	جذر	ثاب;ثبت;أثبت;أثاب
أثبتوا	جذر	ثبت;أثبت
أثر	جذر	ثار;أثرى;وثر;أثر;أثار;ثري;ثرا
أثرت	جذر	ثار;أثر;ثرا;أثار;أثرى
أثرها	جذر	ثرا;وثر;أثر;أثار
أثقل	جذر	أثقل;ثقل
أثناء	جذر	أثناء;ثناء
أثير	جذر	أثير;أثار
أجراه	جذر	أجرى;أجر;جرى;جر
أجري	جذر	أجرة;جر;جرة;جري;أجرى;أجر;جرى
أجزاء	جذر	جزاء;أجزاء
أجزم	جذر	جزم
أجسام	جذر	أجسام
أجل	جذر	جل;جلا;أجل;جلي;جلى;أجلى;جال;أجال
أجلس	جذر	جلس;أجلس
أجله	جذر	جل;جلا;أجل;جلى;أجلى;جال;أجال
أجمع	جذر	جمع;أجمع
أجنبي	جذر	جنبة;جنب;أجنبي;أجنب
أجنبية	جذر	جنب;أجنبي;جنبة
أجهزة	جذر	أجهزة;جهزة
أجواء	جذر	أجواء;جواء
أجيد	جذر	أجاد;أجيد;جاد;جيد
أحاط	جذر	أحاط;حاط
أحببت	جذر	حب;حبب;أحب
أحببته	جذر	حبب;أحب
أحبك	جذر	حب;حبا;أحبك;حبك;أحب
أحبه	جذر	حبا;حب;أحب
أحترم	جذر	احترم
أحتسي	جذر	احتسى
أحجار	جذر	أحجار;حجار
أحد	جذر	أحد;حد;حاد;حدي;وحد;حدا
أحدا	جذر	أحد;حد;حدا
أحداث	جذر	حداث;أحداث
أحدهم	جذر	أحد;حد;وحد;حدا
أحذية	جذر	أحذية
أحسن	جذر	حسن;أحس;حس;أحسن
أحظى	جذر	أحظى;حظي
أحكام	جذر	حكام;أحكام
أحمد	جذر	حمد
أحمر	جذر	احمر;حمر;أحمر
أحيا	جذر	أحيا;حيا;حيي;حي
أحيانا	جذر	أحيا;حيا;حي
أخاه	جذر	أخا
أخبار	جذر	أخبار;خبار
أخبارا	جذر	خبار
أخبر	جذر	أخبر;خبر
أخذ	جذر	خذ;أخذ
أخرى	جذر	أخرى
أخضع	جذر	أخضع;خضع
أخلاقية	جذر	خلاق;أخلاق
أخيرا	جذر	أخير;خير;خار
أخيه	جذر	وخى;أخي
أداء	جذر	أداء;داء
أداة	جذر	أداة
أدار	جذر	دارى;أدار;دار
أدافع	جذر	دافع
أدرجت	جذر	أدرج;درج
أدري	جذر	أدر;أدرى;در;دري;درة;درى
أدمنت	جذر	دمن;أدمن
أدنى	جذر	دني;أدنى;دنى
أدهش	جذر	دهش;أدهش
أدوات	جذر	أدوات;دو
أدى	جذر	أدى
أذكر	جذر	اذكر;ذكر
أذكى	جذر	ذكي;ذكى;ذكا;أذكى
أذهان	جذر	أذهان
أراد	جذر	راد;أراد
أراضي	جذر	راضى
أرباحا	جذر	رباح
أربع	جذر	ربع;أربع
أربعة	جذر	أربع;ربع;ربعة;أربعة
أردت	جذر	راد;أردى;ردى;رد;أراد
أرسله	جذر	أرسل;رسل
أرض	جذر	رضى;رضي;رض;راض;رضا;أرضى;أرض
أرضية	جذر	رضى;رضي;رض;أرضي;أرضة;أرض
أركان	جذر	أرك;أركان
أرواح	جذر	رواح;أرواح
أروع	جذر	روع;أروع;راع
أرى	جذر	أرى;رأى;راءى
أزعم	جذر	زعم
أزمات	جذر	زم;أزمة
أس	جذر	أس;أسى
أساء	جذر	ساء;أساء
أسابيع	جذر	أسابيع
أساتذة	جذر	أساتذة
أساس	جذر	أساس
أساسي	جذر	أساس;ساسة;أساسي
أساسيات	جذر	أساس;أساسي
أساطير	جذر	أساطير
أسباب	جذر	سباب;أسباب
أسبوع	جذر	أسبوع;سبوع
أستاذ	جذر	أستاذ
أستراليا	جذر	أسترالي;أستراليا
أستطيع	جذر	استطاع;أطاع;طاع
أستعيد	جذر	استعاد;أعاد;عيد
أستمع	جذر	استمع;مع
أسرار	جذر	سرار;أسرار
أسرته	جذر	أسرة;سار;سرا;سر;سرة;أسرى;سرى;أسر
أسرهم	جذر	سار;أسر;سر;أسرى;سرى;سرا
أسطورية	جذر	سطور;أسطورة
أسطول	جذر	أسطول;سطول
أسلحة	جذر	سلح;أسلحة
أسلوب	جذر	أسلوب
أسماء	جذر	سماء;أسماء
أسمح	جذر	سمح
أسنانه	جذر	سنان;أسنان
أسهل	جذر	أسهل;سهل
أسهم	جذر	أس;سهم;أسهم;أسى
أسهمها	جذر	أسهم;سهم
أسوارها	جذر	سوار;أسوار
أسود	جذر	أسود;اسود;ساد;سود
أشار	جذر	شار;أشار;شاري;شارى
أشبه	جذر	شبه;شب;أشبه
أشخاص	جذر	شخاص;أشخاص
أشد	جذر	شد;أشد;شدا;أشاد;شاد
أشده	جذر	أشد;شدا;شاد;شد;أشاد;شده
أشرب	جذر	شرب;أشرب
أشعل	جذر	شعل;أشعل
أشكال	جذر	أشكال;شكال
أشمل	جذر	شمل;أشمل
أشهر	جذر	شهر;أشهر
أشياء	جذر	أشياء
أشير	جذر	شار;أشار
أصابعهم	جذر	صابع;أصابع
أصبح	جذر	صبح;أصبح
أصحاب	جذر	أصحاب;صحاب
أصر	جذر	صار;صر;أصر
أصغر	جذر	صغر;أصغر
أصل	جذر	وصل;صال;أصل;صلي;صل;صلى;أصلى
أصلا	جذر	صل;أصلا;أصل
أصلح	جذر	أصلح;صلح
أصناف	جذر	أصناف
أصوات	جذر	أصوات;صوة
أصيب	جذر	صاب;أصاب
أضاع	جذر	أضاع;ضاع
أضحت	جذر	ضحا;أضحى;ضحى
أضف	جذر	أضفى;ضفا;أضاف;ضاف;ضف
أضواء	جذر	أضواء
أطاح	جذر	طاح;أطاح
أطفأ	جذر	طفئ;أطفأ
أطفال	جذر	طفال;أطفال
أطيقك	جذر	أطاق
أظفارها	جذر	ظفار;أظفار
أظن	جذر	ظن
أظهره	جذر	أظهر;ظهر
أعادت	جذر	عاد;عادى;أعاد
أعتبر	جذر	اعتبر
أعترف	جذر	اعترف
أعتقد	جذر	اعتقد
أعداء	جذر	أعداء;عداء
أعداد	جذر	عداد;أعداد
أعدم	جذر	عدم;أعدم
أعراق	جذر	أعراق;عراق
أعرف	جذر	عرف;أعرف
أعصابه	جذر	عصاب;أعصاب
أعضاء	جذر	أعضاء
أعطيت	جذر	عطا;أعطى;عطى
أعطيناه	جذر	أعطى;عطى
أعظم	جذر	أعظم;عظم
أعقد	جذر	أعقد;عقد
أعلاه	جذر	أعلى;علا;علي;عل;على
أعلم	جذر	علم;أعلم
أعلن	جذر	عال;أعال;علن;عل;أعلى;أعلن
أعلنت	جذر	علن;أعلن
أعلى	جذر	أعلى;علي;علا;على
أعمال	جذر	أعمال;عمال
أعمدة	جذر	عمدة;أعمدة;عمد
أعود	جذر	عاد;عود
أعيش	جذر	عاش;عيش;أعاش
أعين	جذر	عان;عي;عين;أعان;وعى;أعين;أعيا
أغسطس	جذر	أغسطس
أغلب	جذر	أغلب;غلب
أغلبية	جذر	أغلبية;أغلب;غلب;غلبة
أغلفة	جذر	غلفة;غلف
أغنى	جذر	أغنى;غني;غنى
أفادت	جذر	فادى;أفاد
أفراد	جذر	راد;فراد;أفراد
أفريدو	جذر	فريد
أفريقي	جذر	ريق;فريق
أفضل	جذر	فضل;أفضل;ضل
أفعال	جذر	عال;فعال;أفعال;عالي
أفكار	جذر	كار;أفكار
أفلام	جذر	أفلام;لام
أفنى	جذر	فني
أقاتل	جذر	قاتل
أقارن	جذر	قار;قارن
أقاليم	جذر	أقاليم
أقام	جذر	أقام;قام
أقر	جذر	قرا;قرى;قار;أقر;قر;وقر
أقرأ	جذر	قرأ;أقرأ
أقراص	جذر	أقراص;قراص
أقرب	جذر	أقرب;قرب
أقست	جذر	قسى;قاس;قسا;أقسى;قس
أقصي	جذر	قصي;أقصى;قصة;قصا;قص
أقطن	جذر	قط;قطن
أقفل	جذر	أقفل;قفل
أقل	جذر	قل;قلا;قال;أقل;قلى;أقال
أقواما	جذر	قوام
أقول	جذر	أقول;قال;قول
أقوى	جذر	قوى;قوي;أقوى
أقيس	جذر	قاس
أقيل	جذر	أقال;قيل;قال
أقيمت	جذر	قيم;أقام;قام
أكاديمي	جذر	أكاديمي
أكاديميات	جذر	أكاديمي;أكاديمية
أكبر	جذر	كبر;بر;أكبر
أكتوبر	جذر	أكتوبر
أكثر	جذر	أكثر;كثر
أكد	جذر	كد;كاد;أكد;كدا;وكد;أكدى
أكدت	جذر	أكد;أكدى;كد;كدا;كاد
أكرا	جذر	أكر;كر;كرا
أكره	جذر	أكرى;كرى;وكر;أكر;كرا;كره;أكره;كر
أكرهك	جذر	كره;أكره
أكسبته	جذر	سبة;أكسب;كسب;سب;كسبة
أكن	جذر	كنى;أكن;وكن;كن;كان
أكون	جذر	ون;كون;كان
ألعاب	جذر	ألعاب;لعاب
ألف	جذر	لف;لاف;ألف;ولف;ألفى
ألقاب	جذر	قاب;ألقاب
ألمت	جذر	لمى;لم;ألام;ألم;لام
ألوان	جذر	ألوان;واني
أم	جذر	أم
أما	جذر	أما;أم
أمازون	جذر	ماز
أمام	جذر	أمام
أمانا	جذر	أمان;أم
أمة	جذر	أم;أمة
أمتلك	جذر	امتلك
أمته	جذر	مت;مته;أمة;مات;أم;أمات
أمثالي	جذر	مثالي;مثال;أمثال
أمثلة	جذر	مثل;أمثل;أمثلة
أمر	جذر	مار;مر;أمر
أمريكا	جذر	أمريكا
أمريكي	جذر	أمريكي
أمسك	جذر	أمسك;أمسى;ماس;مسك;مس;أمس;مسى
أمسكه	جذر	أمسك;مسك
أمقت	جذر	ماق;مقت
أمم	جذر	أمم
أمنيا	جذر	منى;مني;من;أمن
أمنية	جذر	أمن;منة;أمنية;من;منى;مني;منية
أمها	جذر	مها;أم
أموال	جذر	أموال;موالي;موال
أموالا	جذر	موال
أموت	جذر	مات;موت;أمو
أمورا	جذر	مار
أمولا	جذر	مول
أمير	جذر	مار;أمير
أن	جذر	أن
أنا	جذر	أنا;أن
أنابيب	جذر	أنابيب
أنت	جذر	نتا;نت;أنت;أن;أنى
أنتجت	جذر	أنتج;نتج
أنحاء	جذر	أنحاء
أندية	جذر	أندية;أندى;ندى;ندي;ند
أنسى	جذر	نسى;نسي;أنسى
أنشئت	جذر	نشأ;أنشأ
أنصاره	جذر	أنصار;صار;نصار
أنصفوا	جذر	أنصف;نصف
أنظار	جذر	أنظار;نظار
أنظمة	جذر	نظم;أنظمة;نظمة
أنفاسهم	جذر	نفاس;أنفاس
أنفسهم	جذر	نفس;أنفس
أنفه	جذر	نف;نفى;ناف;أنف
أنقذوا	جذر	أنقذ;نقذ
أنقرة	جذر	أنقرة;نقر;نقرة
أنكر	جذر	نكر;كر;وكر;أنكر
أنني	جذر	ونى;أن
أنه	جذر	أن;أنهى;نهو;نهى;نهي;ناه
أنهوا	جذر	أنهى;نهو;نهى;نهي
أني	جذر	ونى;أنة
أهالي	جذر	هال;هالة
أهتف	جذر	هتف
أهداف	جذر	أهداف;هداف
أهرب	جذر	أهرب;هرب
أهل	جذر	هال;وهل;هل;أهل
أهلها	جذر	هال;هل;أهل
أهلية	جذر	أهلي;هل;أهلية;أهل;أهلة
أهم	جذر	هام;هم;وهم;أهم;همى
أهمها	جذر	هم;وهم;أهم
أهمية	جذر	أهمية;هم;همة
أهواء	جذر	هواء;أهواء
أو	جذر	أوى;أو
أوج	جذر	أوج;وج
أوراق	جذر	أوراق;وراق;راقي;راق
أوروبا	جذر	روب;أوروبا
أوروبية	جذر	روب;أوروبي;روبة
أوروبيتان	جذر	أوروبي;روب
أوساط	جذر	وساط;ساط;أوساط
أوسع	جذر	وسع;أوسع
أوصافه	جذر	صاف;أوصاف;وصاف
أوصله	جذر	وصل;صل;أوصل
أوصى	جذر	وصى;أوصى
أوضح	جذر	وضح;أوضح
أوقفت	جذر	قاف;قف;أوقف;وقف;قفا;قفى
أوقفته	جذر	وقفة;قاف;أوقف;وقف;قفا;قفة;قفى
أوكرانيا	جذر	رانيا
أول	جذر	ألا;أول;آلى;أولى;ولي;ولى
أولئك	جذر	أولئك
أولادك	جذر	أولاد;لاد
أولى	جذر	أولى;ألا;ولي;ولى
أويحيى	جذر	يحيى
أي	جذر	أي
أيار	جذر	أيار
أيام	جذر	أيام
أية	جذر	أية
أيدي	جذر	يدى;يدي;يد;أيد;ودى
أيديكم	جذر	يدى;يد;أيدي;أيد;ودى
أيضا	جذر	أيضا
أيقونات	جذر	أيقونة
أيلول	جذر	أيلول
أين	جذر	أين
إبداع	جذر	إبداع
إبراز	جذر	إبراز
إتمام	جذر	إتمام
إثارة	جذر	إثار;إثارة
إثر	جذر	إثر
إجابة	جذر	إجابة
إجراء	جذر	إجراء
إحباط	جذر	إحباط
إحداها	جذر	إحدى
إحراز	جذر	إحراز
إحساسه	جذر	إحساس
إخراج	جذر	إخراج
إخطارات	جذر	إخطار
إدارة	جذر	إدارة
إدانة	جذر	إدانة
إدراج	جذر	إدراج
إذ	جذر	إذ
إذا	جذر	إذا
إذن	جذر	إذن
إرادتي	جذر	إرادة
إرث	جذر	إرث
إرسال	جذر	إرسال
إزاحة	جذر	إزاحة
إسلامي	جذر	إسلامي;إسلام
إسناد	جذر	إسناد
إشارة	جذر	إشارة
إشراف	جذر	إشراف
إشراق	جذر	إشراق
إشعال	جذر	إشعال
إشهار	جذر	إشهار
إصابة	جذر	إصابة
إطار	جذر	إطار
إعادة	جذر	إعادة
إعدامه	جذر	إعدام
إعطاءها	جذر	إعطاء
إعلام	جذر	إعلام
إعلان	جذر	إعلان
إغراق	جذر	إغراق
إغلاق	جذر	إغلاق
إفريقي	جذر	إفريقي
إفريقيا	جذر	إفريقيا;إفريقي
إفشائهم	جذر	إفشاء
إقالة	جذر	إقالة
إقامة	جذر	إقامة
إقصاؤها	جذر	إقصاء
إقناعها	جذر	إقناع
إلا	جذر	إلا
إلحاح	جذر	إلحاح
إلكتروني	جذر	إلكتروني;إلكترون
إلى	جذر	إلى
إليه	جذر	إلي;إلى
إمكانية	جذر	إمكان;إمكانية
إن	جذر	إن
إنتاج	جذر	إنتاج
إنجازا	جذر	إنجاز
إنشاء	جذر	إنشاء
إنقاذه	جذر	إنقاذ
إنما	جذر	إنما
إنهاء	جذر	إنهاء
إني	جذر	إني
إياها	جذر	إياها
إيصال	جذر	إيصال
ابتداء	جذر	ابتداء
ابتسم	جذر	ابتسم
ابن	جذر	بنى;ابن
ابنة	جذر	ابن;ابنة
اتجاهات	جذر	اتجاه
اتحاد	جذر	اتحاد
اتخذ	جذر	اتخذ
اتسعت	جذر	اتسع
اتسم	جذر	اتسم
اتهام	جذر	اتهام
اثنين	جذر	ثنى
اجتاحت	جذر	اجتاح
اجتماع	جذر	اجتماع
اجتماعية	جذر	اجتماع;اجتماعي
احتج	جذر	احتاج;احتج
احتجاجا	جذر	احتجاج
احترامها	جذر	احترام
احتضنت	جذر	احتضن
احتفاء	جذر	احتفاء
احتلال	جذر	احتلال
احتمال	جذر	احتمال
احتياجاته	جذر	احتياج
احتياطيا	جذر	احتياط;احتياطي
اختار	جذر	اختار
اختيار	جذر	اختيار
ارتفاع	جذر	ارتفاع
ارتكب	جذر	ارتكب
استبداد	جذر	استبداد
استبسل	جذر	استبسل
استبعاد	جذر	استبعاد
استثمارات	جذر	استثمار
استثناء	جذر	استثناء
استثنائيا	جذر	استثناء;استثنائي
استخدام	جذر	استخدام
استخدم	جذر	استخدم
استخف	جذر	استخفى;استخف
استدراجه	جذر	استدراج
استدعاء	جذر	استدعاء
استدعت	جذر	استدعى
استصدار	جذر	استصدار
استطاع	جذر	استطاع
استطاعتهم	جذر	استطاع;استطاعة
استعمال	جذر	استعمال
استغرق	جذر	استغرق
استغلال	جذر	استغلال
استغلتها	جذر	استغلى;استغل
استفادت	جذر	استفاد
استفتاء	جذر	استفتاء
استقبال	جذر	استقبال
استقبلوا	جذر	استقبل
استقصائيا	جذر	استقصاء
استقل	جذر	استقال;استقل
استقلالا	جذر	استقلال
استلهم	جذر	استل;استلهم
استلهمها	جذر	استلهم
استمر	جذر	استمر
استمرار	جذر	استمرار
استنفار	جذر	استنفار
استهداف	جذر	استهداف
استهدف	جذر	استهدف
استهلاكا	جذر	استهلاك
استيراد	جذر	استيراد
استيعاب	جذر	استيعاب
استيقظت	جذر	استيقظ
اسم	جذر	سما;اسم
اشتبك	جذر	اشتبك
اشتداد	جذر	اشتداد
اشتعلت	جذر	اشتعل
اشتهرت	جذر	اشتهر
اصطلح	جذر	اصطلح
اضطر	جذر	اضطر
اضطرابات	جذر	اضطراب
اعتبار	جذر	اعتبار
اعتداء	جذر	اعتداء
اعتراضه	جذر	اعتراض
اعترافا	جذر	اعتراف
اعتزل	جذر	اعتزل
اعتقاد	جذر	اعتقاد
اغتصب	جذر	اغتصب
اغتيال	جذر	اغتيال
افتتاحية	جذر	افتتاح;افتتاحية
افتتحتها	جذر	افتتح
اقتباسه	جذر	اقتباس
اقتحام	جذر	اقتحام
اقتحم	جذر	اقتحم
اقتراب	جذر	اقتراب
اقترب	جذر	اقترب
اقترح	جذر	اقترح
اقترفت	جذر	اقترف
اقتصادية	جذر	اقتصادي;اقتصاد
اقدم	جذر	قدم
اقرأ	جذر	قرأ
اكتئاب	جذر	اكتئاب
اكتسبها	جذر	اكتسب
اكتشف	جذر	اكتشف
ال	جذر	ال
الآثمة	جذر	آثم
الآسيوي	جذر	آسيوي
الآفاق	جذر	آفاق
الآلة	جذر	آلة
الآن	جذر	الآن
الأئمة	جذر	أئمة
الأب	جذر	أب
الأبدي	جذر	أبدي;أبد
الأبرز	جذر	أبرز
الأبناء	جذر	أبناء
الأبواب	جذر	أبواب
الأبوين	جذر	أبوي
الأبيض	جذر	أبيض
الأثرياء	جذر	أثرياء
الأثناء	جذر	أثناء
الأجانب	جذر	أجانب
الأجنبي	جذر	أجنبي
الأجهزة	جذر	أجهزة
الأجيال	جذر	أجيال
الأحداث	جذر	أحداث
الأحزاب	جذر	أحزاب
الأحسن	جذر	أحسن
الأحفاد	جذر	أحفاد
الأحمر	جذر	أحمر
الأخبار	جذر	أخبار
الأخذ	جذر	أخذ
الأخضر	جذر	أخضر
الأخطاء	جذر	أخطاء
الأخلاق	جذر	أخلاق
الأخير	جذر	أخير
الأداء	جذر	أداء
الأدلة	جذر	أدلة
الأذرع	جذر	أذرع
الأراضي	جذر	أراضي
الأرباح	جذر	أرباح
الأربعاء	جذر	أربعاء
الأردني	جذر	أردني;أردن
الأرض	جذر	أرض
الأرقام	جذر	أرقام
الأزرق	جذر	أزرق
الأزمة	جذر	أزمة
الأساسيين	جذر	أساسي
الأسبوع	جذر	أسبوع
الأسد	جذر	أسد
الأسر	جذر	أسر
الأسرع	جذر	أسرع
الأسطوري	جذر	أسطورة
الأسف	جذر	أسف
الأسواق	جذر	أسواق
الأسود	جذر	أسود
الأشاوس	جذر	أشاوس
الأشخاص	جذر	أشخاص
الأشداء	جذر	أشداء
الأشكال	جذر	أشكال
الأشهر	جذر	أشهر
الأشواط	جذر	أشواط
الأصل	جذر	أصل
الأصوات	جذر	أصوات
الأصول	جذر	أصول
الأطراف	جذر	أطراف
الأطفال	جذر	أطفال
الأعداد	جذر	أعداد
الأعراض	جذر	أعراض
الأعراق	جذر	أعراق
الأعظم	جذر	أعظم
الأعمال	جذر	أعمال
الأعياد	جذر	أعياد
الأفضل	جذر	أفضل
الأفكار	جذر	أفكار
الأفلام	جذر	أفلام
الأقطار	جذر	أقطار
الأقل	جذر	أقل
الأقوياء	جذر	أقوياء
الأكبر	جذر	أكبر
الأكثر	جذر	أكثر
الأكل	جذر	أكل
الألعاب	جذر	ألعاب
الألقاب	جذر	ألقاب
الأم	جذر	لأم;أم
الأماكن	جذر	لأم;أماكن
الأمان	جذر	أمان;لأم;أم
الأمثل	جذر	أمثل
الأمثلة	جذر	أمثل;أمثلة
الأمجد	جذر	أمجد
الأمر	جذر	أمر
الأمن	جذر	أمن;لأم
الأمنية	جذر	أمنية;أمن
الأموال	جذر	أموال
الأمير	جذر	أمير
الأمين	جذر	أمين;أم
الأندية	جذر	أندية;أندى
الأنصار	جذر	أنصار
الأنظار	جذر	أنظار
الأنظمة	جذر	أنظمة
الأنوف	جذر	أنوف
الأنيق	جذر	أنيق
الأهداف	جذر	أهداف
الأهلي	جذر	أهلي;أهل;أهلة
الأهلية	جذر	أهلي;أهلية;أهل;أهلة
الأهمية	جذر	أهمية
الأوبئة	جذر	أوبئة
الأوروبي	جذر	أوروبي
الأوساط	جذر	أوساط
الأوصاف	جذر	أوصاف
الأوضاع	جذر	أوضاع
الأول	جذر	أول
الأولى	جذر	أولى
الأولياء	جذر	أولياء
الأولية	جذر	أولى;أولي;أول
الأيديولوجية	جذر	أيديولوجي
الإبقاء	جذر	إبقاء
الإخبارية	جذر	إخبار
الإخوة	جذر	إخوة
الإسلام	جذر	إسلام
الإضافية	جذر	إضافي;إضافة
الإطاحة	جذر	إطاحة
الإطلاق	جذر	إطلاق
الإطناب	جذر	إطناب
الإعارات	جذر	إعارة
الإعجاب	جذر	إعجاب
الإغاثة	جذر	إغاثة
الإمام	جذر	إمام
الإمبراطوريات	جذر	إمبراطور;إمبراطوري
الإنتاجية	جذر	إنتاجي;إنتاج
الإنسان	جذر	إنس;إنسان
الإنساني	جذر	إنساني;إنسان
الإيجابية	جذر	إيجابي;إيجاب
الإيحاء	جذر	إيحاء
الابتدائية	جذر	ابتداء;ابتدائي
الابتكار	جذر	ابتكار
الابن	جذر	ابن
الاتصال	جذر	اتصال
الاحترافي	جذر	احتراف
الاحتكام	جذر	احتكام
الاختصار	جذر	اختصار
الاختطافات	جذر	اختطاف
الاختلافات	جذر	اختلاف
الادعاءات	جذر	ادعاء
الاستخبارات	جذر	استخبار
الاستعراضية	جذر	استعراض
الاستعمار	جذر	استعمار
الاستفادة	جذر	استفادة
الاستيقاظ	جذر	استيقاظ
الاشتباكات	جذر	اشتباك
الاصطفاف	جذر	اصطفاف
الاطلاع	جذر	اطلاع
الاعتقال	جذر	اعتقال
الاعتماد	جذر	اعتماد
الاغتصاب	جذر	اغتصاب
الافتخار	جذر	افتخار
الافتراضي	جذر	افتراض
الاقتصاد	جذر	اقتصاد
الالتحاق	جذر	التحاق
الامتحان	جذر	امتحان
الانتباه	جذر	انتباه
الانتحار	جذر	انتحار
الانتخابات	جذر	انتخاب
الانتخابية	جذر	انتخاب;انتخابي
الانتشار	جذر	انتشار
الانتظار	جذر	انتظار
الانتفاضات	جذر	انتفاض;انتفاضة
الانتقادات	جذر	انتقاد
الانتقال	جذر	انتقال
الانتقام	جذر	انتقام
الانحياز	جذر	انحياز
الانسحاب	جذر	انسحاب
الانضمام	جذر	انضمام
الانطباع	جذر	انطباع
الانفتاح	جذر	انفتاح
الانفجارات	جذر	انفجار
الانقلاب	جذر	انقلاب
البأس	جذر	بأس
الباحث	جذر	باحث
الباردة	جذر	بارد
البارز	جذر	بارز
الباقي	جذر	باقة;باقي
الباكر	جذر	باكر
البالغ	جذر	بالغ
البالون	جذر	بالون
الباهت	جذر	باهت
البترول	جذر	بترول
البحت	جذر	بحت
البحر	جذر	بحر
البحري	جذر	بحري;بحر
البدء	جذر	بدء
البدائل	جذر	بدائل
البدايات	جذر	بداية
البديعة	جذر	بديع
البديل	جذر	بديل
البذيئة	جذر	بذيئة
البراءة	جذر	براء;براءة
البرازيل	جذر	برازيل
البرازيلية	جذر	برازيلي;برازيل
البرامج	جذر	برامج
البرجوازي	جذر	برجوازي
البرد	جذر	برد
البرلمان	جذر	برلمان
البريئة	جذر	بريئة
البريد	جذر	بريد
البريطاني	جذر	بريطاني
البسيط	جذر	بسيط
البشر	جذر	بشر
البشري	جذر	بشري;بشرة;بشر
البطل	جذر	بطل
البطولة	جذر	بطولة
البعثة	جذر	بعث;بعثة
البعض	جذر	بعض
البعيدة	جذر	بعيد
البلاد	جذر	بلاد
البلد	جذر	بلد
البلدان	جذر	بلد;بلدان
البلديات	جذر	بلد;بلدي
البلشفية	جذر	بلشفي;بلشفية;بلشف;بلشفة
البليدة	جذر	بليد
البناء	جذر	بناء
البنكي	جذر	بنك
البنوك	جذر	بنوك
البورجوازية	جذر	بورجوازي;بورجوازية
البوسنة	جذر	بوسنة
البوليفي	جذر	بوليفي
البيت	جذر	بيت
البيض	جذر	بيض
التأثير	جذر	تأثير
التأكد	جذر	تأكد
التألق	جذر	تألق
التأمل	جذر	تأمل
التأهل	جذر	تأهل
التاريخ	جذر	تاريخ
التاسع	جذر	تاسع
التافهة	جذر	تافه
التالي	جذر	تالي
التايم	جذر	تايم
التبرعات	جذر	تبرع
التتويج	جذر	تتويج
التجارة	جذر	تجارة;تجار
التجارية	جذر	تجاري;تجارة;تجار
التجربة	جذر	تجربة
التجمعات	جذر	تجمع
التجميل	جذر	تجميل
التحالف	جذر	تحالف
التحدي	جذر	تحدي
التحديد	جذر	تحديد
التحركات	جذر	تحرك
التحرير	جذر	تحرير
التحضير	جذر	تحضير
التحفة	جذر	تحف;تحفة
التحق	جذر	التحق
التحقيق	جذر	تحقيق
التحكم	جذر	التحى;تحكم
التحكيم	جذر	تحكيم
التخوف	جذر	تخوف
التدخل	جذر	تدخل
التدقيق	جذر	تدقيق
التذكر	جذر	تذكر
التذكير	جذر	تذكير
التراجع	جذر	تراجع
التربية	جذر	تربي;تربة;تربية;ترب
الترجيح	جذر	ترجيح
الترشح	جذر	ترشح
التركي	جذر	ترك;تركة
الترهيب	جذر	ترهيب
التريث	جذر	تريث
التسبب	جذر	تسبب
التسعين	جذر	تسع
التسعينات	جذر	تسعين
التسعينيات	جذر	تسعين;تسعيني
التسلسلي	جذر	تسلسل
التسويق	جذر	تسويق
التشابهات	جذر	تشابه
التشكل	جذر	تشكل
التشكيليين	جذر	تشكيلي
التصديق	جذر	تصديق
التصرف	جذر	تصرف
التصريح	جذر	تصريح
التصعيد	جذر	تصعيد
التصنيع	جذر	تصنيع
التصوف	جذر	تصوف
التصويت	جذر	تصويت
التضامن	جذر	تضامن
التطبيق	جذر	تطبيق
التعاطي	جذر	تعاطي
التعاقد	جذر	تعاقد
التعامل	جذر	تعامل
التعاون	جذر	تعاون
التعبير	جذر	تعبير
التعذيب	جذر	تعذيب
التعليق	جذر	تعليق
التعليم	جذر	تعليم
التعليمية	جذر	تعليم;تعليمي
التغذية	جذر	تغذي;تغذية
التغطية	جذر	تغطية;تغطي
التغليب	جذر	تغليب
التف	جذر	تف;التف
التفاصيل	جذر	تفاصيل
التفت	جذر	التفت;التف
التفسيرات	جذر	تفسيرات;تفسير
التقارير	جذر	تقارير
التقاط	جذر	التقاط
التقاليد	جذر	تقاليد
التقرير	جذر	تقرير
التقط	جذر	التقط
التقليدي	جذر	تقليد
التقنية	جذر	تقنية;تقني
التقى	جذر	التقى
التكنولوجيا	جذر	تكنولوجي;تكنولوجيا
التلاميذ	جذر	تلاميذ
التلفاز	جذر	تلفاز
التلفزيون	جذر	تلفزيون
التلميذ	جذر	تلميذ
التنقل	جذر	تنقل
التنوع	جذر	تنوع
التهديد	جذر	تهديد
التواجد	جذر	تواجد
التواصل	جذر	تواصل
التواطؤ	جذر	تواطؤ
التوالي	جذر	توالي
التوحد	جذر	توحد
التوسع	جذر	توسع
التوصيف	جذر	توصيف
التوقعات	جذر	توقع
التونسي	جذر	تونسي
التي	جذر	التي
الثائر	جذر	ثائر
الثالثة	جذر	ثالث
الثاني	جذر	ثاني
الثانية	جذر	ثاني;ثانية
الثرثارات	جذر	ثرثار
الثروة	جذر	ثروة
الثرية	جذر	ثري;ثرى
الثلاثة	جذر	ثلاثة
الثلوج	جذر	ثلوج
الثمانينات	جذر	ثمانين
الثمن	جذر	ثمن;لثم
الثمينة	جذر	ثمين
الثناء	جذر	ثناء
الثوابت	جذر	ثوابت
الثورات	جذر	ثور;ثورة
الثوري	جذر	ثوري;ثور;ثورة
الجارات	جذر	جار
الجارفة	جذر	جارف
الجاري	جذر	جار;جاري
الجانب	جذر	جانب
الجاهلية	جذر	جاهل;جاهلي;جاهلية
الجبارين	جذر	جبار
الجبال	جذر	جبال
الجبلية	جذر	جبل;جبلة;جبلي
الجبنة	جذر	جبن
الجدال	جذر	جدال
الجدد	جذر	جدد
الجدل	جذر	جدل
الجديد	جذر	جديد
الجرأة	جذر	جرأة
الجرارات	جذر	جرار;جرارة
الجرافات	جذر	جراف;جرافة
الجرم	جذر	جرم
الجريدة	جذر	جريد
الجريمة	جذر	جريمة
الجزائر	جذر	جزائر
الجزائري	جذر	جزائري;جزائر
الجزائريين	جذر	جزائري
الجزر	جذر	جزر
الجزيرة	جذر	جزيرة
الجسدي	جذر	جسدي;جسد
الجشعة	جذر	جشع
الجغرافي	جذر	جغرافي
الجماعات	جذر	جماع;جماعة
الجماهير	جذر	جماهير
الجمع	جذر	جمع
الجمهور	جذر	جمهور
الجمهورية	جذر	جمهور;جمهورية;جمهوري
الجموع	جذر	جموع
الجميع	جذر	جميع
الجميل	جذر	جميل
الجنرال	جذر	جنرال
الجنسيات	جذر	جنسي;جنس
الجنوبية	جذر	جنوب
الجهات	جذر	جهة
الجهاد	جذر	جهاد
الجهود	جذر	جهود
الجوائز	جذر	جوائز
الجوع	جذر	جوع
الجوية	جذر	جو;جوة;جوي;جوى
الجيدين	جذر	جيد
الجيران	جذر	جير;جيران
الجيش	جذر	جيش
الجيوش	جذر	جيوش
الحارس	جذر	حارس
الحاسمة	جذر	حاسم
الحافل	جذر	حافل
الحاكم	جذر	حاكم
الحال	جذر	حال
الحالات	جذر	حالة;حال
الحالي	جذر	حالة;حالي;حال
الحب	جذر	حب
الحجم	جذر	حجم
الحدث	جذر	حدث
الحدوث	جذر	حدوث
الحدود	جذر	حدود
الحديث	جذر	حديث
الحديد	جذر	حديد
الحذر	جذر	حذر
الحراسة	جذر	حراسة;حراس
الحراك	جذر	حراك
الحرب	جذر	حرب
الحركات	جذر	حركة
الحرمان	جذر	حرم;حرمان
الحرمين	جذر	حرم
الحرية	جذر	حري;حر;حرية
الحزب	جذر	حزب
الحسابات	جذر	حساب
الحصار	جذر	حصار
الحصول	جذر	حصول
الحضارية	جذر	حضار;حضارة
الحضانات	جذر	حضانة
الحظ	جذر	لحظ;حظ
الحفاظ	جذر	حفاظ
الحق	جذر	لحق;حق
الحقبة	جذر	حقبة;حقب
الحقن	جذر	لحق;حقن
الحقيقة	جذر	حقيق;حقيقة
الحقيقي	جذر	حقيقي;حقيق;حقيقة
الحكام	جذر	حكام
الحكم	جذر	لحى;حكم;لحا
الحكمة	جذر	حكم;حكمة
الحكومات	جذر	حكومة
الحكومي	جذر	حكومي;حكومة
الحلم	جذر	حلم
الحماسة	جذر	حماس;حماسة
الحماية	جذر	حماية
الحمل	جذر	حمل
الحملة	جذر	حمل;حملة
الحنفية	جذر	حنفية;حنف;حنفى
الحوار	جذر	حوار
الحوت	جذر	حوت
الحي	جذر	لحى;حي;لحا
الحياة	جذر	حياة
الحية	جذر	حية;حي
الخارج	جذر	خارج
الخارجية	جذر	خارج;خارجي
الخاصة	جذر	خاصة
الخامس	جذر	خامس
الخبراء	جذر	خبراء
الخبرة	جذر	خبرة;خبر
الختام	جذر	ختام
الخدمة	جذر	خدم;خدمة
الخروج	جذر	خروج
الخسارة	جذر	خسار;خسارة
الخصم	جذر	خصم
الخصومة	جذر	خصومة;خصوم
الخضراء	جذر	خضراء
الخضوع	جذر	خضوع
الخط	جذر	خط
الخطأ	جذر	خطأ
الخطوات	جذر	خطوة
الخطيب	جذر	خطيب
الخطيرة	جذر	خطير
الخفاء	جذر	خفاء
الخلافة	جذر	خلاف;خلافة
الخليجي	جذر	خليج
الخمر	جذر	خمر
الخوف	جذر	خوف
الخيار	جذر	خيار
الخيال	جذر	خيال
الخيالية	جذر	خيالي;خيال;خيالة
الخير	جذر	خير
الدائم	جذر	دائم
الداخلية	جذر	داخل;داخلة;داخلي
الداعمة	جذر	داعم
الداعية	جذر	داعي
الداغستاني	جذر	داغستاني;داغستان
الداغستانيون	جذر	داغستاني
الدبابات	جذر	دبابة
الدبلوماسية	جذر	دبلوماسية;دبلوماسي
الدبلوماسيين	جذر	دبلوماسي
الدخول	جذر	دخول
الدراسة	جذر	دراسة;دراس
الدراسي	جذر	دراسي;دراسة;دراس
الدرجة	جذر	درج;درجة
الدردشة	جذر	دردش;دردشة
الدستور	جذر	دستور
الدعاء	جذر	دعاء
الدعابة	جذر	دعاب;دعابة
الدعم	جذر	دعم
الدفاع	جذر	دفاع
الدفع	جذر	دفع
الدقائق	جذر	دقائق
الدقة	جذر	دق;دقة
الدقيقة	جذر	دقيقة;دقيق
الدكاكين	جذر	دكاك;دكاكين
الدم	جذر	دم
الدماء	جذر	دماء
الدنمارك	جذر	دنمارك
الدنيا	جذر	دنيا
الدور	جذر	دور
الدورة	جذر	دور;دورة
الدوري	جذر	دوري;دور;دورة
الدول	جذر	دول
الدولارات	جذر	دولار
الدولة	جذر	دول;دولة
الدولي	جذر	دول;دولة;دولي
الديانة	جذر	ديان;ديانة
الديموغرافية	جذر	ديموغرافي
الدين	جذر	دين
الدينية	جذر	دين;دينة;ديني
الديوك	جذر	ديوك
الديون	جذر	ديون
الذاكرة	جذر	ذاكرة;ذاكر
الذكي	جذر	ذكي
الذهبية	جذر	ذهبي;ذهبة;ذهب
الذي	جذر	الذي
الذين	جذر	الذين
الرأي	جذر	رأي
الرؤوس	جذر	رؤوس
الرؤية	جذر	رؤية;رؤى
الرئاسية	جذر	رئاسي
الرئيس	جذر	رئيس
الرئيسي	جذر	رئيس;رئيسي
الرائع	جذر	رائع
الرابع	جذر	رابع
الراغمة	جذر	راغم
الرايات	جذر	راي;راية
الربع	جذر	ربع
الربيع	جذر	ربيع
الرجال	جذر	رجال
الرجل	جذر	رجل
الرجوب	جذر	رجوب
الرحمانية	جذر	رحمان
الرسالة	جذر	رسالة
الرسام	جذر	رسام
الرسمي	جذر	رسمي;رسمة;رسم
الرسوخ	جذر	رسوخ
الرشيد	جذر	رشيد
الرضوخ	جذر	رضوخ
الرطوبة	جذر	رطوبة
الرعب	جذر	رعب
الرعية	جذر	رعية;رعي
الرفاهيات	جذر	رفاهية
الرفض	جذر	رفض
الرقاب	جذر	رقاب
الرقم	جذر	رقم
الرماد	جذر	رماد
الرمزية	جذر	رمزية;رمز;رمزي
الرهيب	جذر	رهيب
الروس	جذر	روس
الروسي	جذر	روسي;روس
الروم	جذر	روم
الرياضات	جذر	الرياض;رياضة
الرياضة	جذر	الرياض;رياضة;رياض
الرياضي	جذر	رياضي;رياضة;رياض;الرياض
الرياضيات	جذر	الرياض;رياضة;رياضيات;رياضي
الريفية	جذر	ريفي;ريف
الزاوية	جذر	زاوية
الزج	جذر	زج;لزج
الزعيم	جذر	زعيم
الزمن	جذر	زمن;لزم
الزنزانة	جذر	زنزانة
الزواج	جذر	زواج
الزوايا	جذر	زوايا
السؤال	جذر	سؤال
السابع	جذر	سابع
السابق	جذر	سابق
الساحة	جذر	ساحة
الساحرة	جذر	ساحر
الساحقة	جذر	ساحق
الساخرة	جذر	ساخر
الساخطة	جذر	ساخط
الساخن	جذر	ساخن
السادس	جذر	سادس
الساعات	جذر	ساعة
السباب	جذر	سباب
السبب	جذر	سبب
السبعينيات	جذر	سبعيني;سبعين
الستار	جذر	ستار
الستينيات	جذر	ستيني
السجن	جذر	سجن
السجون	جذر	سجون
السجين	جذر	سجين
السخرية	جذر	سخرة;سخري;سخرية;سخر
السخف	جذر	سخف
السر	جذر	سر
السرعة	جذر	سرع;سرعة
السطح	جذر	سطح
السطوع	جذر	سطوع
السعر	جذر	سعر
السعودي	جذر	سعودي;سعود
السعودية	جذر	سعودية;سعود;سعودي
السعوديين	جذر	سعودي
السفارة	جذر	سفارة;سفار
السكان	جذر	سك;سكان
السكنية	جذر	سكن;سكنة;سكنى
السلاطين	جذر	سلاطين
السلام	جذر	سلام
السلبية	جذر	سلبة;سلبية;سلبي;سلب
السلطات	جذر	سلط;سلطة
السلطان	جذر	سلط;سلطان
السلع	جذر	سلع
السلفية	جذر	سلف;سلفة
السلم	جذر	سلم
السلميين	جذر	سلمي;سلمى
السماء	جذر	سماء
السمة	جذر	سم;سمة
السمراء	جذر	سمراء
السن	جذر	لسن;سن
السنة	جذر	سن;سنة
السنغافوري	جذر	سنغافوري;سنغافورة
السنوات	جذر	سنوات
السنوسي	جذر	سنوسي
السنوي	جذر	لسن;سنوي
السنين	جذر	سن
السود	جذر	سود
السوري	جذر	سوري;سور;سورة
السوفياتي	جذر	سوفياتي;سوفيات
السوفيت	جذر	سوفيت
السوفيتي	جذر	سوفيت;سوفيتي
السوق	جذر	سوق
السويد	جذر	سويد
السي	جذر	سي
السيئة	جذر	سيئ
السياح	جذر	سياح
السياحية	جذر	سياحة;سياحي;سياح
السيادة	جذر	سيادة
السيارات	جذر	سيارة;سيارات;سيار
السيارة	جذر	سيارة;سيار
السياسات	جذر	سياسة
السياسي	جذر	سياسي;سياسة
السياسيين	جذر	سياسي
السياق	جذر	سياق
السير	جذر	سير
السيطرة	جذر	سيطرة
الشؤون	جذر	شؤون
الشائعات	جذر	شائع;شائعة
الشابات	جذر	شاب
الشارع	جذر	شارع
الشاسعة	جذر	شاسع
الشاشة	جذر	شاشة
الشاعر	جذر	شاعر
الشاهقة	جذر	شاهق
الشباب	جذر	شباب
الشبكات	جذر	شبكة
الشتاء	جذر	شتاء
الشجاعة	جذر	شجاعة;شجاع
الشخص	جذر	شخص
الشخصي	جذر	شخص;شخصة;شخصي
الشخصيات	جذر	شخص;شخصية;شخصي
الشخصية	جذر	شخص;شخصة;شخصية;شخصي
الشديد	جذر	شديد
الشر	جذر	شر
الشرائية	جذر	شراء
الشراكة	جذر	شراك
الشرطة	جذر	شرط;شرطة
الشرعية	جذر	شرعي;شرع;شرعة
الشرعيين	جذر	شرعي
الشرفية	جذر	شرفى;شرف;شرفة
الشرقي	جذر	شرقي;شرق
الشركاء	جذر	شركاء
الشركات	جذر	شركة;شرك
الشروط	جذر	شروط
الشروق	جذر	شروق
الشريحة	جذر	شريح
الشريط	جذر	شريط
الشريعة	جذر	شريعة
الشريف	جذر	شريف
الشعب	جذر	شعب
الشعبي	جذر	شعبة;شعبي;شعب
الشعبيان	جذر	شعبي
الشعبية	جذر	شعبة;شعبية;شعبي;شعب
الشعرية	جذر	شعري;شعرى;شعرية;شعر;شعرة
الشعوب	جذر	شعوب
الشعور	جذر	شعور
الشفاه	جذر	شفاه
الشقيق	جذر	شقيق
الشمال	جذر	شمال
الشمس	جذر	شمس
الشمسية	جذر	شمس;شمسي
الشمولية	جذر	شمولية;شمولي;شمول
الشهداء	جذر	شهداء
الشهرة	جذر	شهر;شهرة
الشهود	جذر	شهود
الشهيد	جذر	شهيد
الشهير	جذر	شهير
الشيء	جذر	شيء
الشيخ	جذر	شيخ
الشيشان	جذر	شيش
الشيشانيين	جذر	شيشاني
الشيطان	جذر	شيطان
الشيلي	جذر	شيلي;شيلة
الشيوعي	جذر	شيوعي
الصالح	جذر	صالح
الصباح	جذر	صباح
الصحابي	جذر	صحابة;صحابي;صحاب
الصحافة	جذر	صحافة;صحاف
الصحافية	جذر	صحافي;صحافة;صحاف
الصحراء	جذر	صحراء
الصحف	جذر	صحف
الصحي	جذر	صحة;صحي
الصحيفة	جذر	صحيفة
الصدمة	جذر	صدمة;صدم
الصديق	جذر	صديق
الصراع	جذر	صراع
الصرب	جذر	صرب
الصرف	جذر	صرف
الصعاب	جذر	صعاب
الصعبة	جذر	صعب
الصعوبات	جذر	صعوبة
الصعيد	جذر	صعيد
الصغر	جذر	صغر
الصغرى	جذر	صغرى
الصغير	جذر	صغير
الصف	جذر	صف
الصفاء	جذر	صفاء
الصفحة	جذر	صفحة;صفح
الصفقة	جذر	صفق;صفقة
الصناديق	جذر	صناديق
الصناعات	جذر	صناعة
الصناعة	جذر	صناع;صناعة
الصناعية	جذر	صناعي;صناع;صناعة
الصنع	جذر	صنع
الصوت	جذر	صوت
الصورة	جذر	صورة;صور
الصوف	جذر	صوف
الصوفية	جذر	صوفي;صوفية;صوف
الصينيين	جذر	صيني
الضائعة	جذر	ضائع
الضالعة	جذر	ضالع
الضحايا	جذر	ضحايا
الضحية	جذر	ضحية;ضحى
الضخم	جذر	ضخم
الضرائب	جذر	ضرائب
الضربة	جذر	ضرب;ضربة
الضعيفة	جذر	ضعيف
الضغط	جذر	ضغط
الطائرات	جذر	طائر;طائرة
الطائشة	جذر	طائش
الطائلة	جذر	طائل
الطابع	جذر	طابع
الطاقة	جذر	طاقة;طاق
الطالب	جذر	طالب
الطاهر	جذر	طاهر
الطاولة	جذر	طاولة
الطبقة	جذر	طبقة;طبق
الطبيعة	جذر	طبيعة
الطرف	جذر	طرف
الطرق	جذر	طرق
الطرقات	جذر	طرقات;طرق;طرقة
الطريق	جذر	طريق
الطريقة	جذر	طريق;طريقة
الطعن	جذر	طعن;لطع
الطفل	جذر	طفل
الطفولة	جذر	طفول;طفولة
الطلاب	جذر	طلاب
الطلب	جذر	طلب
الطلبة	جذر	طلب;طلبة
الطموح	جذر	طموح
الطيب	جذر	طيب
الظافر	جذر	ظافر
الظالمة	جذر	ظالم
الظاهرة	جذر	ظاهرة;ظاهر
الظلم	جذر	ظلم
الظهرة	جذر	ظهرة;ظهر
الظواهر	جذر	ظواهر
العائلة	جذر	عائل
العادات	جذر	عادة
العار	جذر	عار
العارمة	جذر	عارم
العاشرة	جذر	عاشر
العاصمة	جذر	عاصم;عاصمة
العالم	جذر	عالم
العالمي	جذر	عالمي;عالم
العالية	جذر	عال;عالة;عالي
العام	جذر	عام
العبث	جذر	عبث
العبقري	جذر	عبقري
العبقرية	جذر	عبقرية;عبقري
العثماني	جذر	عثمان;عثماني
العثمانيون	جذر	عثماني
العجيب	جذر	عجيب
العدالة	جذر	عدال;عدالة
العدة	جذر	عد;عدة
العدد	جذر	عدد
العدل	جذر	عدل
العدو	جذر	عدو
العدوان	جذر	عدوان;عدو
العديد	جذر	عديد
العراء	جذر	عراء
العرب	جذر	عرب
العربي	جذر	عربي;عرب;عربة
العرس	جذر	عرس
العرش	جذر	عرش
العرض	جذر	عرض
العرق	جذر	عرق
العرقية	جذر	عرقة;عرقى;عرقية;عرق
العروبة	جذر	عروبة;عروب
العزاء	جذر	عزاء
العزلة	جذر	عزلة;عزل
العزيزية	جذر	عزيز
العسكر	جذر	عسكر
العشائر	جذر	عشائر
العشب	جذر	عشب
العشرة	جذر	عشرة;عشر
العشرين	جذر	عشر
العصا	جذر	عصا
العصابات	جذر	عصابة;عصاب
العصر	جذر	عصر
العظام	جذر	عظام
العظماء	جذر	عظماء
العظيم	جذر	عظيم
العقل	جذر	عقل
العقوبة	جذر	عقوبة
العقيد	جذر	عقيد
العكس	جذر	عكس
العلاجية	جذر	علاج
العلاقات	جذر	علاقة
العلامات	جذر	علامة;علام
العلم	جذر	علم
العلماء	جذر	علماء
العلمي	جذر	علم;علمة;علمي
العلوم	جذر	علوم
العمال	جذر	عمال
العمالة	جذر	عمالة;عمال
العمر	جذر	عمر
العمل	جذر	عمل
العملاقة	جذر	عملاق
العمليات	جذر	عملي;عملية;عمل;عملة
العمومية	جذر	عمومي;عموم
العميقة	جذر	عميق
العناق	جذر	عناق
العنف	جذر	عنف
العنفوان	جذر	عنفوان
العنيفة	جذر	عنيف
العهدات	جذر	عهد;عهدة
العواطف	جذر	عواطف
العودة	جذر	عود;عودة
العين	جذر	عين
الغازية	جذر	غاز;غازي
الغانية	جذر	غاني
الغاية	جذر	غاي;غاية
الغذائية	جذر	غذاء
الغرب	جذر	غرب
الغربي	جذر	غربي;غربة;غرب
الغربية	جذر	غربي;غربة;غربية;غرب
الغربيون	جذر	غربي
الغريب	جذر	غريب
الغزاة	جذر	غزاة
الغضب	جذر	غضب
الغفيرة	جذر	غفيرة;غفير
الغني	جذر	غني;غن;غنة;لغا
الغول	جذر	غول
الغيار	جذر	غيار
الفاجعة	جذر	فاجع;فاجعة
الفادحة	جذر	فادح
الفار	جذر	فار
الفارس	جذر	فارس
الفارهة	جذر	فاره
الفاشل	جذر	فاشل
الفاصلة	جذر	فاصل
الفاضلة	جذر	فاضل
الفتح	جذر	فتح
الفترة	جذر	فتر;فترة
الفتية	جذر	فتى;فتي;فت;فتية;فتة
الفجر	جذر	فجر
الفجور	جذر	فجور
الفخمة	جذر	فخم
الفدائي	جذر	فدائي;فداء
الفرا	جذر	فر
الفراغ	جذر	فراغ
الفرحة	جذر	فرح;فرحة
الفردية	جذر	فرد;فردي;فردى;فردية
الفرص	جذر	فرص
الفرصة	جذر	فرص;فرصة
الفرق	جذر	فرق
الفرقاء	جذر	فرقاء
الفرنسي	جذر	فرنسة;فرنسي
الفرنسيون	جذر	فرنسي
الفريق	جذر	فريق
الفزاعة	جذر	فزاعة
الفساد	جذر	فساد
الفصل	جذر	فصل
الفضائل	جذر	فضائل
الفظيع	جذر	فظيع
الفعل	جذر	فعل
الفعلي	جذر	فعل;فعلة
الفقدان	جذر	فقدان;فقد
الفقر	جذر	فقر
الفقراء	جذر	فقراء
الفقير	جذر	فقير
الفقيه	جذر	فقيه;لفق
الفكاهة	جذر	فكاهة;فكاه
الفكرة	جذر	فكر;فكرة
الفلاحين	جذر	فلاح
الفلسطيني	جذر	فلسطيني
الفن	جذر	فن
الفنادق	جذر	فنادق
الفنانين	جذر	فنان
الفندق	جذر	فندق
الفنون	جذر	فنون
الفوز	جذر	فوز
الفيديو	جذر	فيديو
الفيفا	جذر	فيفا
الفيلسوف	جذر	فيلسوف
القائمة	جذر	قائمة;قائم
القائمين	جذر	قائم
القادة	جذر	قادة
القادر	جذر	قادر
القادم	جذر	قادم
القارة	جذر	قار;قارة
القاسية	جذر	قاسي
القاعدة	جذر	قاعد
القانون	جذر	قانون
القانوني	جذر	قانوني;قانون
القاهرة	جذر	قاهر
القبائل	جذر	قبائل
القبض	جذر	قبض
القبلي	جذر	قبلي;قبل;قبلة
القتال	جذر	قتال
القتل	جذر	قتل
القتلة	جذر	قتل;قتلة
القحط	جذر	قحط
القدرة	جذر	قدر;قدرة
القدرية	جذر	قدرى;قدر;قدرة
القدس	جذر	قدس
القذافي	جذر	قذاف
القذرة	جذر	قذر
القرآن	جذر	قرآن
القرارات	جذر	قرارة;قرار
القرعة	جذر	قرعة;قرع
القرن	جذر	قرن
القرون	جذر	قرون
القرى	جذر	قرى
القريب	جذر	قريب
القرية	جذر	قرية;قرة;قري;قر;قرى
القسيس	جذر	قسيس
القصة	جذر	قص;قصة
القصر	جذر	قصر
القضاء	جذر	قضاء
القضائي	جذر	قضاء;قضائي
القضايا	جذر	قضايا
القضبان	جذر	قضب;قضبان
القضية	جذر	قض;قضية;قضة
القطاف	جذر	قطاف
القطر	جذر	قطر
القطري	جذر	قطري;قطر;قطرة
القطريين	جذر	قطري
القطع	جذر	قطع
القطيعة	جذر	قطيعة;قطيع
القفص	جذر	قفص
القلاع	جذر	قلاع
القلب	جذر	قلب
القلم	جذر	قلم
القليلة	جذر	قليل
القمار	جذر	قمار
القمع	جذر	قمع
القنابل	جذر	قنابل
القنوات	جذر	قنوات;قنو;قنوة
القهوة	جذر	قهوة
القوات	جذر	قوة;قوات
القوانين	جذر	قوانين;قواني
القوقاز	جذر	قوقاز
القول	جذر	قول
القوى	جذر	قوى
القوي	جذر	قوة;قوي;لقا
القوية	جذر	قوى;قوة;قوي
القيادة	جذر	قياد;قيادة
القياصرة	جذر	قياصرة
القيام	جذر	قيام
القيصر	جذر	قيصر
القيصرية	جذر	قيصرية;قيصر
القيم	جذر	قيم
الكأسان	جذر	كأس
الكؤوس	جذر	كؤوس
الكابتن	جذر	كابتن
الكاتب	جذر	كاتب
الكارثية	جذر	كارثة
الكبرى	جذر	كبرى
الكبير	جذر	كبير
الكتاب	جذر	كتاب
الكتب	جذر	كتب
الكثير	جذر	كثير
الكثيف	جذر	كثيف
الكرام	جذر	كرام
الكرة	جذر	كرة;كر
الكرم	جذر	كرم
الكروات	جذر	كروات;كرو
الكرواتي	جذر	كرواتي;كروات
الكرواتيون	جذر	كرواتي
الكروي	جذر	كروي
الكشافة	جذر	كشاف
الكعكة	جذر	كعك
الكفتين	جذر	كف
الكلمات	جذر	كلم;كلمة
الكم	جذر	لكم;كم
الكهرباء	جذر	كهرباء
الكهربائية	جذر	كهرباء;كهربائي
الكوبي	جذر	كوب
الكوميدي	جذر	كوميدي
الكوميديا	جذر	كوميدي;كوميديا
الكويت	جذر	كويت
الكيلومترات	جذر	كيلومتر
اللا	جذر	لا
اللازمة	جذر	لازمة;لازم
اللاعب	جذر	لاعب
اللافت	جذر	لافت
اللجوء	جذر	لجوء
اللحظة	جذر	لحظ
اللحن	جذر	لحن
اللدودة	جذر	لدود
اللطف	جذر	لطف
اللعب	جذر	لعب
اللعبة	جذر	لعبة;لعب
اللغات	جذر	لغة
اللقاء	جذر	لقاء
اللقاءات	جذر	لقاء;لقاءات
اللندني	جذر	لندني;لندن
الله	جذر	الله
اللوح	جذر	لوح
اللوحات	جذر	لوح;لوحة
اللوفر	جذر	لوفر
اللون	جذر	لون
الليبي	جذر	ليبي
الليبيري	جذر	ليبيري
الليرة	جذر	ليرة
الليلة	جذر	ليل
المؤثرين	جذر	مؤثر
المؤسسات	جذر	مؤسس;مؤسسة
المؤسفة	جذر	مؤسف
المؤكد	جذر	مؤكد
المؤمنين	جذر	مؤمن
المؤن	جذر	لمأ;مؤن
المؤهلة	جذر	مؤهل
الماء	جذر	ماء
الماجيكو	جذر	ماجيك
المادة	جذر	مادة
المادية	جذر	مادة;مادية;مادي
الماركسيون	جذر	ماركسي
الماضي	جذر	ماضي
المافيا	جذر	مافيا
المال	جذر	مال
المالك	جذر	مالك
المالي	جذر	مالي;مال
المايسترو	جذر	مايسترو
المبادئ	جذر	مبادئ
المبادرات	جذر	مبادرة;مبادر
المباراة	جذر	مباراة
المباركة	جذر	مبارك;مباركة
المباشر	جذر	مباشر
المبالغ	جذر	مبالغ
المبدأ	جذر	مبدأ
المبكر	جذر	مبكر
المبلغ	جذر	مبلغ
المبنى	جذر	مبنى
المبهرة	جذر	مبهر
المبيعات	جذر	مبيع
المتابع	جذر	متابع
المتابعة	جذر	متابع;متابعة
المتاعب	جذر	متاعب
المتبادلة	جذر	متبادل
المتجاوز	جذر	متجاوز
المتحدة	جذر	متحد
المتحصل	جذر	متحصل
المتخصص	جذر	متخصص
المترجم	جذر	مترجم
المتصاعدة	جذر	متصاعد
المتظاهرين	جذر	متظاهر
المتعبين	جذر	متعب
المتقدمة	جذر	متقدم
المتكبر	جذر	متكبر
المتكررة	جذر	متكرر
المتكونة	جذر	متكون
المتلقي	جذر	متلقي
المتمثلة	جذر	متمثل
المتمردين	جذر	متمرد
المتمسكين	جذر	متمسك
المتنوعة	جذر	متنوع
المتهم	جذر	متهم
المتواجدة	جذر	متواجد
المتوسط	جذر	متوسط
المتوفرة	جذر	متوفر
المثال	جذر	مثال
المثالية	جذر	مثالية;مثالي;مثال
المثقف	جذر	مثقف
المثقلتين	جذر	مثقل
المثل	جذر	مثل
المثلثات	جذر	مثلث
المثيرة	جذر	مثير
المجازفة	جذر	مجازف;مجازفة
المجال	جذر	مجال
المجاهدين	جذر	مجاهد
المجاورة	جذر	مجاورة;مجاور
المجتمع	جذر	مجتمع
المجحفة	جذر	مجحف
المجردة	جذر	مجرد
المجرم	جذر	مجرم
المجموع	جذر	مجموع
المجندين	جذر	مجند
المجهول	جذر	مجهول
المجيد	جذر	مجيد
المحادثة	جذر	محادثة;محادث
المحاصر	جذر	محاصر
المحاضر	جذر	محاضر
المحافظ	جذر	محافظ
المحافل	جذر	محافل
المحاكمة	جذر	محاكمة;محاكم
المحامون	جذر	محامي
المحاولات	جذر	محاول;محاولة
المحبة	جذر	محب;محبة
المحتشم	جذر	محتشم
المحتلة	جذر	محتل
المحتمل	جذر	محتمل
المحرضين	جذر	محرض
المحرك	جذر	محرك
المحرومين	جذر	محروم
المحطات	جذر	محط;محطة
المحظوظ	جذر	محظوظ
المحققين	جذر	محقق
المحك	جذر	لمح;محك
المحللون	جذر	محلل
المحلي	جذر	محلي;محل;محلة
المحلية	جذر	محلية;محل;محلة;محلي
المحليون	جذر	محلي
المحمولة	جذر	محمول
المحنة	جذر	محن;محنة
المحورية	جذر	محوري;محور
المخابرات	جذر	مخابرة
المختصة	جذر	مختص
المختطفين	جذر	مختطف
المختلطة	جذر	مختلط
المختلفة	جذر	مختلف
المخزية	جذر	مخزي;مخزية
المخل	جذر	مخل
المخيمات	جذر	مخيم
المدارس	جذر	مدارس
المداهنة	جذر	مداهن;مداهنة
المدرب	جذر	مدرب
المدرسة	جذر	مدرس;مدرسة
المدرسي	جذر	مدرس;مدرسة;مدرسي
المدعوم	جذر	مدعوم
المدن	جذر	مدن
المدني	جذر	مدني;مدن
المدنيين	جذر	مدني
المدونات	جذر	مدون;مدونة
المدونين	جذر	مدون
المديح	جذر	مديح
المدينة	جذر	مدين;مدينة
المذكورين	جذر	مذكور
المذهل	جذر	مذهل
المرأة	جذر	المرأة
المراحل	جذر	مراحل
المرافقات	جذر	مرافق;مرافقة
المراقبين	جذر	مراقب
المراهقات	جذر	مراهقة;مراهق
المراهقين	جذر	مراهق
المرة	جذر	مرة;مر
المرتبة	جذر	مرتب;مرتبة
المرحلة	جذر	مرحلة
المرشح	جذر	مرشح
المرض	جذر	مرض
المرعبة	جذر	مرعب
المركبات	جذر	مركبة;مركبات;مركب
المركز	جذر	مركز
المرور	جذر	مرور
المزاريب	جذر	مزاريب
المزج	جذر	مزج
المزعوم	جذر	مزعوم
المزيد	جذر	مزيد
المسألة	جذر	مسألة
المسؤول	جذر	مسؤول
المسؤولية	جذر	مسؤول;مسؤولية
المسائل	جذر	مسائل
المساجد	جذر	مساجد
المساحة	جذر	مساحة;مساح
المسار	جذر	مسار
المسافة	جذر	مسافة
المساهمة	جذر	مساهمة;مساهم
المسبقة	جذر	مسبق
المستديرة	جذر	مستدير
المستشار	جذر	مستشار
المستشفيات	جذر	مستشف;مستشفى
المستطيل	جذر	مستطيل
المستعصية	جذر	مستعصي
المستعمر	جذر	مستعمر
المستعملة	جذر	مستعمل
المستقبل	جذر	مستقبل
المستقبلية	جذر	مستقبلي;مستقبل;مستقبلية
المستقيم	جذر	مستقيم
المستوردة	جذر	مستورد
المستوى	جذر	مستوى
المسعور	جذر	مسعور
المسلحة	جذر	مسلح;مسلحة
المسلحين	جذر	مسلح
المسلم	جذر	مسلم
المسلمة	جذر	مسلم;مسلمة
المسمى	جذر	مسمى
المسيح	جذر	مسيح
المسيحي	جذر	مسيحي;مسيح
المسيحية	جذر	مسيحية;مسيح;مسيحي
المسيحيين	جذر	مسيحي
المسيرة	جذر	مسيرة;مسير
المسيطر	جذر	مسيطر
المشاحنات	جذر	مشاحن;مشاحنة
المشاركة	جذر	مشاركة;مشارك
المشاركين	جذر	مشارك
المشاريع	جذر	مشاريع
المشاكل	جذر	مشاكل
المشاهد	جذر	مشاهد
المشاهير	جذر	مشاهير
المشترك	جذر	مشترك
المشجعين	جذر	مشجع
المشددة	جذر	مشدد
المشرفة	جذر	مشرف
المشروع	جذر	مشروع
المشكل	جذر	مشكل
المشهد	جذر	مشهد
المشهور	جذر	مشهور
المشي	جذر	مشي
المصادر	جذر	مصادر
المصارعة	جذر	مصارعة;مصارع
المصالح	جذر	مصالح
المصحح	جذر	مصحح
المصدر	جذر	مصدر
المصري	جذر	مصري;مصر
المصريون	جذر	مصري
المصلحة	جذر	مصلحة;مصلح
المصنع	جذر	مصنع
المصير	جذر	مصير
المضادة	جذر	مضادة;مضاد
المضطهد	جذر	مضطهد
المطاف	جذر	مطاف
المطالبة	جذر	مطالب;مطالبة
المطر	جذر	مطر
المطربة	جذر	مطرب
المطلب	جذر	مطلب
المظاهرات	جذر	مظاهرة
المظلوم	جذر	مظلوم
المعادلة	جذر	معادل;معادلة
المعارضة	جذر	معارض;معارضة
المعبدة	جذر	معبد
المعتقل	جذر	معتقل
المعتمد	جذر	معتمد
المعجبون	جذر	معجب
المعركة	جذر	معركة
المعروف	جذر	معروف
المعسكرين	جذر	معسكر
المعلم	جذر	معلم
المعلنة	جذر	معلن
المعلومات	جذر	معلوم
المعيشية	جذر	معيشة
المغاير	جذر	مغاير
المغرب	جذر	مغرب
المغربي	جذر	مغربي;مغرب
المغربية	جذر	مغربي;مغربية;مغرب
المغيب	جذر	مغيب
المفاجآت	جذر	مفاجأة
المفاهيم	جذر	مفاهيم
المفضل	جذر	مفضل
المفضلة	جذر	مفضل;مفضلة
المفيدة	جذر	مفيد
المقابل	جذر	مقابل
المقابلة	جذر	مقابل;مقابلة
المقاتلة	جذر	مقاتل
المقارنات	جذر	مقارن;مقارنة
المقاطعة	جذر	مقاطع;مقاطعة
المقال	جذر	مقال
المقامة	جذر	مقام;مقامة
المقاومات	جذر	مقاوم;مقاومة
المقاومة	جذر	مقاومة;مقاوم
المقاومين	جذر	مقاوم
المقاييس	جذر	مقاييس
المقدمة	جذر	مقدم;مقدمة
المقرب	جذر	مقرب
المقعد	جذر	مقعد
المقنع	جذر	مقنع
المكتب	جذر	مكتب
المكعبات	جذر	مكعب
الملأى	جذر	ملأى
الملا	جذر	مل;ملا
الملائمة	جذر	ملائم
الملاعب	جذر	ملاعب
الملايين	جذر	ملايين
الملتهب	جذر	ملتهب
الملعب	جذر	ملعب
الملف	جذر	ملف
الملقب	جذر	ملقب
الملك	جذر	ملك
الملكي	جذر	ملكي;ملك;ملكة
الملكية	جذر	ملكية;ملك;ملكة;ملكي
الملموسة	جذر	ملموس
الملهمة	جذر	ملهم
الملوك	جذر	ملوك
الملونة	جذر	ملون
المليار	جذر	مليار
المليارديرة	جذر	ملياردير
المليونية	جذر	مليون
الممارس	جذر	ممارس
الممكن	جذر	ممكن
المميز	جذر	مميز
المن	جذر	لمى;من
المناصرين	جذر	مناصر
المناطق	جذر	مناطق
المنافسات	جذر	منافس;منافسة
المنافقين	جذر	منافق
المنتجات	جذر	منتج
المنتخب	جذر	منتخب
المنتديات	جذر	منتدى;منتديات
المنتشرة	جذر	منتشر
المنشأ	جذر	منشأ
المنصات	جذر	منصة
المنصب	جذر	منصب
المنصور	جذر	منصور
المنطقة	جذر	منطق;منطقة
المنظر	جذر	منظر
المنظومة	جذر	منظوم
المنغمسين	جذر	منغمس
المنفرد	جذر	منفرد
المنفعة	جذر	منفعة
المنكرة	جذر	منكر
المنهج	جذر	منهج
المنهجي	جذر	منهج;منهجي
المهاجرين	جذر	مهاجر
المهاجم	جذر	مهاجم
المهارية	جذر	مهار;مهارة
المهم	جذر	مهم
المهمة	جذر	مهمة;مهم
المهندسين	جذر	مهندس
المهني	جذر	مهني;مهن;مهنة
المهينة	جذر	مهين
المواجهات	جذر	مواجه;مواجهة
المواد	جذر	مواد
الموازي	جذر	موازي
المواصلات	جذر	مواصل;مواصلة;مواصلات
المواطن	جذر	مواطن
الموافقة	جذر	موافقة;موافق
المواقع	جذر	مواقع
المواقف	جذر	مواقف
الموت	جذر	موت
الموجهة	جذر	موجه
الموجود	جذر	موجود
الموضح	جذر	موضح
الموضوعات	جذر	موضوعة;موضوع
الموقع	جذر	موقع
الموقف	جذر	موقف
المونديال	جذر	مونديال
المياه	جذر	مياه
الميدالية	جذر	ميدالية
الميدان	جذر	ميدان
الميزانية	جذر	ميزان;ميزانية
الميسورة	جذر	ميسور
الميكانيكية	جذر	ميكانيكي
الناتو	جذر	ناتو;نات
النادي	جذر	نادي
النارية	جذر	ناري;نار
الناس	جذر	ناس
الناشئة	جذر	ناشئ
الناشطون	جذر	ناشط
الناصر	جذر	ناصر
النامية	جذر	نامي;نامة
النباتي	جذر	نباتي;نبات
النبرة	جذر	نبرة;نبر
النبيل	جذر	نبيل
النتائج	جذر	نتائج
النتيجة	جذر	نتيجة
النجاح	جذر	نجاح
النجم	جذر	نجم
النجوم	جذر	نجوم
النخاع	جذر	نخاع
النخبة	جذر	نخبة;نخب
النساء	جذر	نساء
النسبية	جذر	نسب;نسبى;نسبة;نسبية;نسبي
النسوة	جذر	نسوة
النشاط	جذر	نشاط
النشطاء	جذر	نشطاء
النشيد	جذر	نشيد
النصف	جذر	نصف
النضال	جذر	نضال
النظام	جذر	نظام
النظامية	جذر	نظام;نظامي
النظر	جذر	نظر
النفايات	جذر	نفاية
النفس	جذر	نفس
النفسي	جذر	نفسي;نفس;نفسة
النفط	جذر	نفط
النفوس	جذر	نفوس
النقاشات	جذر	نقاش;نقاشة
النقال	جذر	نقال
النقد	جذر	نقد
النكات	جذر	نكات
النمطية	جذر	نمط
النموذج	جذر	نموذج
النهائي	جذر	نهائي
النهار	جذر	نهار
النهاية	جذر	نهاية
النوادي	جذر	نوادي
النوم	جذر	نوم
النيجر	جذر	نيجر
النيجيري	جذر	نيجيري
الهاتف	جذر	هاتف
الهادئ	جذر	هادئ
الهاشمي	جذر	هاشم
الهتافات	جذر	هتاف
الهجرة	جذر	هجر;هجرة
الهجوم	جذر	هجوم
الهجينة	جذر	هجين
الهداف	جذر	هداف
الهدف	جذر	هدف
الهدنة	جذر	هدن;هدنة
الهزيمة	جذر	هزيم;هزيمة
الهشيم	جذر	هشيم
الهلع	جذر	هلع
الهندسة	جذر	هندسة
الهواة	جذر	هواة
الهواتف	جذر	هواتف
الهوس	جذر	هوس
الهيئة	جذر	هيئة
الهيمنة	جذر	هيمنة
الواحد	جذر	واحد
الواردة	جذر	وارد
الواسع	جذر	واسع
الواضح	جذر	واضح
الواعد	جذر	واعد
الواقع	جذر	واقع
الواقعة	جذر	واقعة;واقع
الواقفين	جذر	واقف
الوجه	جذر	وجه
الوجهة	جذر	وجه;وجهة
الوجود	جذر	وجود
الوجوه	جذر	وجوه
الوحدة	جذر	وحد;وحدة
الوحيد	جذر	وحيد
الودية	جذر	ودي;ود
الورقة	جذر	ورق;ورقة
الوريث	جذر	وريث
الوزارة	جذر	وزارة
الوزراء	جذر	وزراء
الوزير	جذر	وزير
الوسائط	جذر	وسائط
الوسائل	جذر	وسائل
الوسطى	جذر	وسطى
الوسيلة	جذر	وسيلة
الوصول	جذر	وصول
الوضع	جذر	وضع
الوطن	جذر	وطن
الوطني	جذر	وطن;وطني
الوطنية	جذر	وطن;وطنية;وطني
الوظيفي	جذر	وظيفة;وظيفي;وظيف
الوعرة	جذر	وعر;وعرة
الوعي	جذر	وعي
الوفاء	جذر	وفاء
الوفاة	جذر	وفاة
الوفد	جذر	وفد
الوفيات	جذر	وفي;وفيات
الوقائع	جذر	وقائع
الوقت	جذر	وقت
الوقوف	جذر	وقوف
الولايات	جذر	ولاية
الولد	جذر	ولد
اليازجي	جذر	يازجي
اليمين	جذر	يم;يمين
اليوبيل	جذر	يوبيل
اليورو	جذر	يورو
اليوم	جذر	يوم
اليومية	جذر	يومية;يومي;يوم
امتد	جذر	امتد
امتداد	جذر	امتداد
امتلأ	جذر	امتلأ
امتيازات	جذر	امتياز
امرأة	جذر	امرأة
انتابهم	جذر	انتاب
انتحر	جذر	انتحر
انتشر	جذر	انتشر
انتصارات	جذر	انتصار
انتظرها	جذر	انتظر
انتقال	جذر	انتقال;انتقالي
انتمائه	جذر	انتماء
انتهاء	جذر	انتهاء
انتهاك	جذر	انتهاك
انتهت	جذر	انتهى
انحرفت	جذر	انحرف
انخفاض	جذر	انخفاض
اندفاعة	جذر	اندفاع
اندلاع	جذر	اندلاع
اندلعت	جذر	اندلع
انضم	جذر	انضم
انطلاق	جذر	انطلاق
انطلقت	جذر	انطلق
انعكاس	جذر	انعكاس
انفراد	جذر	انفراد
انقساما	جذر	انقسام
انقسمت	جذر	انقسم
انكسار	جذر	انكسار
اهتمام	جذر	اهتمام
ب	جذر	ب
بأجواء	جذر	أجواء
بأحوال	جذر	أحوال
بأدوات	جذر	أدوات
بأربع	جذر	أربع
بأربعة	جذر	أربع;أربعة
بأسهم	جذر	أس;بأس;أسهم
بأعجوبة	جذر	أعجوبة
بأعلى	جذر	أعلى
بؤر	جذر	بؤر
بإلغائه	جذر	إلغاء
بإلقاء	جذر	إلقاء
بائس	جذر	بائس
باب	جذر	باب
باتت	جذر	بات
باد	جذر	بادي;باد;بادى
بارتكاب	جذر	ارتكاب
باسم	جذر	باسم;اسم
باسيل	جذر	باسيل
باشر	جذر	باشر
باقي	جذر	باقة
بال	جذر	بال;بالي;بالى
بالأسس	جذر	أسس
بالأشراف	جذر	أشراف
بالإضافة	جذر	إضافة
بالإمارات	جذر	إمارة
بالاتفاق	جذر	اتفاق
بالاستسلام	جذر	استسلام
بالاستناد	جذر	استناد
بالالتقاء	جذر	التقاء
بالتضاريس	جذر	تضاريس
بالتعارف	جذر	تعارف
بالتنسيق	جذر	تنسيق
بالتوفيق	جذر	توفيق
بالخطر	جذر	خطر
بالخطورة	جذر	خطورة
بالدعاية	جذر	دعاية
بالدلالات	جذر	دلال;دلالة
بالدموع	جذر	دموع
بالرسائل	جذر	رسائل
بالرغم	جذر	رغم
بالسجناء	جذر	سجناء
بالسهولة	جذر	سهولة
بالسيد	جذر	سيد
بالشتائم	جذر	شتائم
بالشعر	جذر	شعر
بالضبط	جذر	ضبط
بالفئة	جذر	فئة
بالفرح	جذر	فرح
بالفرشاة	جذر	فرشاة
باللقب	جذر	لقب
بالمحروقات	جذر	محروق
بالمغادرة	جذر	مغادر
بالمناسبة	جذر	مناسبة;مناسب
بالنار	جذر	نار
بالنسبة	جذر	نسب;نسبة
بالنعال	جذر	نعال
بالهم	جذر	بال;هم;بالى
بالورود	جذر	ورود
بانفعال	جذر	انفعال
بايرن	جذر	بايرن
ببنت	جذر	بنت
ببني	جذر	بني;بن
بتجاهل	جذر	تجاهل
بتحريم	جذر	تحريم
بتخليص	جذر	تخليص
بتركز	جذر	تركز
بتركيا	جذر	بترك;تركيا
بتطوير	جذر	تطوير
بتعادل	جذر	تعادل
بتفقد	جذر	تفقد
بتفوقهم	جذر	تفوق
بتقليم	جذر	تقليم
بتكلفة	جذر	تكلف;تكلفة
بتلك	جذر	تل;تلك
بتمريراته	جذر	تمرير
بتموقعها	جذر	تموقع
بتهويد	جذر	تهويد
بتوضيح	جذر	توضيح
بجائزة	جذر	جائزة;جائز
بجامعة	جذر	جامع;جامعة
بجاية	جذر	جاي;بجا
بجراح	جذر	جراح
بجهلكم	جذر	جهل
بجيش	جذر	بجيش;جيش
بحبي	جذر	حب;حبة
بحجب	جذر	حجب
بحروب	جذر	حروب
بحفظ	جذر	حفظ
بحكم	جذر	حكم;باح
بحيث	جذر	حيث
بخل	جذر	خل;بخل
بخلفية	جذر	خلف;خلفي
بخمس	جذر	خمس
بخمسة	جذر	خمس;خمسة
بد	جذر	باد
بدأ	جذر	بدأ
بدا	جذر	بدا
بدل	جذر	بدل;دل
بدلا	جذر	بدل
بدنيا	جذر	بدن;دنيا;بدني
بدوري	جذر	بدور;دوري;دور;دورة
بدون	جذر	بدا;دون;بدون
بذاته	جذر	ذات
بذلت	جذر	بذل
بذلك	جذر	ذلك;ذل;بذل
بذنوبه	جذر	ذنوب
بذوري	جذر	بذور
برزت	جذر	برز
برسم	جذر	رسم
بركات	جذر	بركة
بركانها	جذر	بركان
بركلات	جذر	ركلة;ركل
برلماني	جذر	برلماني;برلمان
برنامج	جذر	برنامج
برهنت	جذر	برهن
بروح	جذر	روح
بروحي	جذر	روحة;روحي;روح
بروز	جذر	بروز
بروس	جذر	روس;بروس
بروسيا	جذر	بروسي;روسيا;بروسيا;بروس
بريء	جذر	بريء
بريطانيا	جذر	بريطاني;بريطانيا
بساطة	جذر	بساط;بساطة
بست	جذر	ست;باس
بسط	جذر	بسط
بسقوطه	جذر	سقوط
بسيفي	جذر	سيف
بشتى	جذر	شتى
بشدة	جذر	شد;شدة
بشرته	جذر	بشرة;بشر;شر
بشرف	جذر	شرف
بشعارات	جذر	شعار
بشكل	جذر	شكل
بشوارب	جذر	شوارب
بشوشة	جذر	بشوش
بشيخوخة	جذر	شيخوخة
بشير	جذر	بشير
بصفات	جذر	صفة;صف
بصقل	جذر	صقل
بصيرته	جذر	بصير;بصيرة
بضراوة	جذر	ضراوة
بضربه	جذر	ضرب
بضع	جذر	بضع
بطاريات	جذر	طارة;بطارية;طار
بطردها	جذر	طرد
بطروني	جذر	بطر
بطريقة	جذر	طريق;طريقة;بطريق
بطعم	جذر	طعم
بطلة	جذر	طلة;بطل;طل
بطولات	جذر	طول;بطولة
بطون	جذر	بطون
بعث	جذر	بعث
بعد	جذر	عد;بعد
بعدة	جذر	عد;عدة;بعد
بعشرات	جذر	عشرة;عشرات;عشر
بعفونة	جذر	عفونة
بعقلي	جذر	عقلة;عقلي;عقل
بعقود	جذر	عقود
بعنوان	جذر	عنوان
بعهدتين	جذر	عهد
بعيدة	جذر	بعيد;عيد
بغد	جذر	غد
بغض	جذر	غض;بغض
بغنائم	جذر	غنائم
بفارق	جذر	فارق
بفرشاته	جذر	فرش;فرشة;فرشاة
بفرض	جذر	فرض
بفرنسا	جذر	فرنسا
بفروسية	جذر	فروسية;فروس
بفضل	جذر	فضل
بقايا	جذر	بقايا
بقبح	جذر	قبح
بقلبي	جذر	قلب;قلبة
بقوتهم	جذر	قوة;قوت
بقوله	جذر	بقول;قول
بقيت	جذر	بقى;بقي
بقيمة	جذر	قيم;قيمة
بكاء	جذر	بكاء
بكامل	جذر	كامل
بكر	جذر	كر;بكر
بكل	جذر	كل
بكونهم	جذر	كون
بكيس	جذر	كيس
بل	جذر	بال;بل;وبل
بلا	جذر	بلا;بل;وبل
بلاء	جذر	بلاء
بلجيكا	جذر	بلجيكا
بلد	جذر	بلد;لد
بلدانها	جذر	بلدان
بلدي	جذر	بلد;لد;بلدي
بلغ	جذر	بلغ
بلوغ	جذر	بلوغ
بليبيريا	جذر	ليبيريا
بليغة	جذر	بليغ
بما	جذر	بما
بمثابة	جذر	مثابة
بمجالس	جذر	مجالس
بمخالفته	جذر	مخالف;مخالفة
بمراوغاته	جذر	مراوغ
بمساعدة	جذر	مساعدة;مساعد
بمسح	جذر	مسح
بمشنقة	جذر	مشنقة
بمصانع	جذر	مصانع
بمعالجة	جذر	معالجة;معالج
بمعاناتهم	جذر	معاناة
بمعاير	جذر	معاير
بمعزل	جذر	معزل
بمعنى	جذر	معنى
بمكان	جذر	مكان
بمكسيكو	جذر	مكسيكو
بملامح	جذر	ملامح
بمن	جذر	بمن;من
بموهبته	جذر	موهبة
بن	جذر	بان;بن
بناه	جذر	بنى;بن;ناهي
بناياته	جذر	بناية;ناي
بنت	جذر	بان;بنى;بنت
بنجمتهم	جذر	نجمة;نجم
بند	جذر	بند;ند
بنظم	جذر	نظم
بنظيره	جذر	نظير
بنيته	جذر	بنى;نية;بني;بن;بنية
به	جذر	به
بها	جذر	بها
بهاء	جذر	بهاء
بهذا	جذر	هذا
بهذه	جذر	هذه
بهم	جذر	هم
بهمس	جذر	همس
بوابة	جذر	بواب;بوابة
بوتفليقة	جذر	بوتفليقة
بوتين	جذر	وتين
بوست	جذر	بوست
بوليفي	جذر	وليف
بومدين	جذر	ومد
بي	جذر	بي
بيتر	جذر	بيتر
بيتي	جذر	بات;بيت
بيجو	جذر	بيجو
بيده	جذر	بيد;يد
بيضاء	جذر	بيضاء
بين	جذر	بان;بين
بينما	جذر	بينما
بيننا	جذر	بين
بينوشيه	جذر	بينوشيه
بيوت	جذر	بيوت
تأثرت	جذر	تأثر
تأخر	جذر	تأخر
تأسس	جذر	تأسس
تأسيسها	جذر	تأسيس
تأكيد	جذر	تأكيد
تأهل	جذر	تأهل;أهل
تأييد	جذر	تأييد
تؤرقها	جذر	أرق;آرق
تؤمن	جذر	أمن;آمن;أم
تايمز	جذر	تايمز
تبادله	جذر	تبادل;بادل
تباع	جذر	تباع;باع
تبدأ	جذر	أبدأ;بدأ
تبرر	جذر	برر;بر;تبرر;أبر
تبرز	جذر	أبرز;برز;تبرز
تبع	جذر	تبع;باع
تبعد	جذر	أبعد;بعد
تبقى	جذر	بقى;تبقى;أبقى;بقي
تبلغ	جذر	أبلغ;تبلغ;بلغ
تبنوا	جذر	بنى;تبنى
تبني	جذر	بنى;تبنى;تبني;تب;تبن
تبون	جذر	بان
تبيع	جذر	باع
تتباهى	جذر	تباهى
تتبدل	جذر	تبدل
تتجاوز	جذر	تجاوز
تتجه	جذر	اتجه
تتح	جذر	أتاح
تتحدث	جذر	تحدث
تتحلى	جذر	تحلى
تتحول	جذر	تحول
تتراكم	جذر	وتر;تراكم
تترجح	جذر	ترجح
تتسارع	جذر	تسارع
تتسم	جذر	تسمى;اتسم
تتصدر	جذر	تصدر
تتصل	جذر	اتصل
تتصورها	جذر	تصور
تتضح	جذر	اتضح
تتضمن	جذر	تضمن
تتطلب	جذر	تطلب
تتغير	جذر	تغير
تتقدم	جذر	تقدم
تتكفل	جذر	تكفل
تتم	جذر	تم;أتم
تتوفر	جذر	توفر
تتوقف	جذر	توقف
تجارب	جذر	تجارب
تجاه	جذر	تجاه
تجاهل	جذر	جاهل;تجاهل
تجاوز	جذر	جاوز;تجاوز
تجد	جذر	توجد;جاد;جد;أجدى;وجد;أجاد
تجرح	جذر	جرح
تجرع	جذر	تجرع;جرع
تجري	جذر	تجرة;أجرى;جرى;وجر;جر
تجسيدا	جذر	تجسيد
تجمع	جذر	جمع;أجمع;تجمع
تجميد	جذر	تجميد
تجنب	جذر	تجنب;جنب;أجنب
تجنبت	جذر	تجنب
تجوب	جذر	جوب
تحاول	جذر	حاول
تحت	جذر	تحت;حات;حت
تحتاج	جذر	احتاج
تحتكره	جذر	احتكر
تحد	جذر	توحد;تحدي;حد;حاد;تحدى;حدي;وحد;حدا
تحديا	جذر	حدي;تحدي;حدا;تحدى
تحديث	جذر	تحديث
تحرص	جذر	حرص
تحريضه	جذر	تحريض
تحسبا	جذر	تحسب;حسب
تحصل	جذر	حصل;تحصل
تحصيلها	جذر	تحصيل
تحض	جذر	حض;حاض
تحطم	جذر	تحطم;حطم
تحطمت	جذر	تحطم
تحقق	جذر	تحقق;أحق;حقق;حق
تحكم	جذر	حكم;أحكم;تحكم
تحكى	جذر	حكى
تحكيها	جذر	حكى;حك
تحل	جذر	حلي;حل;حلو;حلى;أحال;أحل;حلا;حال;أحلى;وحل;تحلي;تحلى
تحمل	جذر	حمل;تحمل
تحميلها	جذر	تحميل
تحنو	جذر	حنا
تحويل	جذر	تحويل
تحيد	جذر	حيد;حاد
تحيله	جذر	أحال
تخبر	جذر	أخبر;خبر;تخبر
تخجل	جذر	أخجل;خجل
تخرج	جذر	تخرج;أخرج;خرج
تخريج	جذر	تخريج
تخطئها	جذر	أخطأ;خطأ
تخطي	جذر	تخطى;خطا;خطى;وخط;خط
تخلو	جذر	خلا
تخلى	جذر	خلى;تخلى;أخلى;خلا
تخوين	جذر	خوى;خوي
تخيل	جذر	تخيل;أخيل;أخال;خيل
تخيلته	جذر	تخيل
تدخلها	جذر	أدخل;دخل;تدخل
تدريب	جذر	تدريب
تدريجيا	جذر	تدريجي;تدريج
تدريس	جذر	تدريس
تدعى	جذر	دعا;ادعى
تدفق	جذر	تدفق;دفق
تدم	جذر	أدمى;دم;دمي;دمى;دام;أدام
تدوي	جذر	وتد;دوى;دوي
تدير	جذر	أدار
تذيب	جذر	أذاب
تراجع	جذر	تراجع;راجع
ترافقت	جذر	ترافق
ترام	جذر	رام;ترامى;رامى;ترامي
تراني	جذر	ران;راءى;وتر;رأى
تربوي	جذر	رب;ربى;ربا;أربى
ترتديه	جذر	ارتدى
ترجع	جذر	أرجع;ترجع;رجع
ترسم	جذر	ترسم;رسم
ترشح	جذر	ترشح;رشح;أرشح
ترضيني	جذر	رضى;رضي;رض;رضا;أرضى;ترضى;أرض
ترعرعت	جذر	ترعرع
ترك	جذر	وتر;أرك;ترك;رك;ركا;ورك;تورك
تركز	جذر	ركز;تركز
تركها	جذر	رك;ورك;ركا;ترك
تركي	جذر	تركة;أرك;ترك;رك;ركا;ورك
تركيا	جذر	ركا;ترك
تركيب	جذر	تركيب
تركيبتها	جذر	تركيب;تركيبة
تروي	جذر	روي;تروى;روى;وتر;أروى
ترى	جذر	راءى;رأى;أرى
تريد	جذر	أراد
تريكة	جذر	تريكة
تزامن	جذر	زامن;تزامن
تزدهر	جذر	ازدهر
تزوجت	جذر	تزوج
تزود	جذر	زود;تزود
تساؤلات	جذر	تساؤل
تسافر	جذر	سافر
تسبق	جذر	سبق
تستحق	جذر	استحق
تستضيفهم	جذر	استضاف
تستعد	جذر	استعد;استعدى;استعاد
تستورد	جذر	استورد
تسجيل	جذر	تسجيل
تسديدة	جذر	تسديد
تسريح	جذر	تسريح
تسعى	جذر	سعى
تسقط	جذر	تسقط;سقط;أسقط
تسلمتها	جذر	تسلم
تسمع	جذر	تسمع;أسمع;سمع
تسهيل	جذر	تسهيل
تسير	جذر	سار;سير
تسيطر	جذر	تسيطر;سيطر
تسييره	جذر	تسيير
تشارك	جذر	تشارك;شار;شارى;شارك
تشاهد	جذر	شاهد
تشبه	جذر	شبه;تشبه;أشبه
تشترك	جذر	اشترك;اشترى
تشتغل	جذر	اشتغل
تشتكي	جذر	اشتكى
تشجيع	جذر	تشجيع
تشرع	جذر	شرع;أشرع
تشرين	جذر	وشر;شرى;شري;شر;تشرين;أشرى
تشغل	جذر	شغل;أشغل
تشغيل	جذر	تشغيل
تشكيلة	جذر	تشكيل;تشكيلة
تشير	جذر	أشار
تشيلي	جذر	شال
تصاب	جذر	تصابي;تصابى;صاب;أصاب
تصادق	جذر	تصادق;صادق
تصبح	جذر	تصبح;صبح;أصبح
تصدير	جذر	تصدير
تصل	جذر	وصل;صال;صلي;صل;صلى;أصلى
تصلهم	جذر	وصل;صل;صلى;أصلى;صلي
تصميم	جذر	تصميم
تصنع	جذر	تصنع;صنع
تصنيف	جذر	تصنيف
تصور	جذر	صار;تصور;صور
تصوير	جذر	تصوير
تضحك	جذر	ضحك;أضحك;أضحى;ضحى
تضطهد	جذر	اضطهد
تضم	جذر	ضام;ضم
تضمن	جذر	ضمن;ضام;ضم;تضمن
تضييق	جذر	تضييق
تطرق	جذر	تطرق;طرق;أطرق
تطلب	جذر	طلب;تطلب
تطليقها	جذر	تطليق
تطمح	جذر	طمح
تطور	جذر	تطور;طور
تعادل	جذر	عادل;تعادل
تعادي	جذر	عاد;عادى;أعاد;تعادى
تعالت	جذر	تعالى
تعالى	جذر	تعالى;عالى
تعاني	جذر	عان;عانى;أعان
تعتمد	جذر	اعتمد
تعد	جذر	تعدي;تعدى;عدى;عد;عاد;أعاد;وعد;عدا;توعد;أعد
تعر	جذر	تعرى;تعري;توعر;عري;عرا;أعار;وعر;عار;عر;عرى
تعرض	جذر	أعرض;عرض;تعرض
تعرضت	جذر	تعرض
تعرف	جذر	تعرف;عرف
تعريف	جذر	تعريف
تعصف	جذر	عصف;أعصف
تعقب	جذر	عقب;تعقب;أعقب
تعقيد	جذر	تعقيد
تعكير	جذر	تعكير
تعلق	جذر	علق;تعلق
تعمقت	جذر	تعمق
تعمل	جذر	عمل;أعمل
تعني	جذر	عنا;عنى;عني;عن;تعنى;أعن
تعود	جذر	عاد;تعود;عود
تعيش	جذر	عاش;عيش;أعاش;تعيش
تعيشها	جذر	عيش;أعاش;تعيش
تعيق	جذر	أعاق;عاق
تعيين	جذر	عيي;عي;أعيا;تعيين;عيا
تغريدة	جذر	تغريد
تغنى	جذر	أغنى;غني;غنى;تغنى
تغني	جذر	أغنى;غني;غنى;تغنى;أغن
تغيب	جذر	غاب;تغيب;غيب
تغييرهم	جذر	تغيير
تفادي	جذر	فادى;أفاد;تفادى
تفاعلي	جذر	تفاعل
تفتح	جذر	تفتح;فتح
تفجير	جذر	تفجير
تفرقة	جذر	تفرق
تفريغ	جذر	تفريغ
تفسير	جذر	تفسير
تفقد	جذر	أفقد;تفقد;فقد
تفهم	جذر	فهم;أفهم;تف;تفهم
تفوق	جذر	فوق;تفوق
تفيد	جذر	أفاد
تقدر	جذر	قدر;تقدر
تقدما	جذر	تقدم;أقدم;قدم
تقديري	جذر	تقديري;تقدير
تقريبا	جذر	تقريب
تقع	جذر	قاع;وقع;توقع;أقعى
تقف	جذر	قاف;قف;تقفي;وقف;أقفى;قفا;تقفى;قفى
تقل	جذر	قل;قلا;قال;قلى;أقال;تقلى;تقلي
تقليل	جذر	تقليل
تقود	جذر	قود
تقوم	جذر	قوم;قام;تقوم
تقوية	جذر	تقوى;تقوي;تقوية
تقي	جذر	وقى;توقى;تقي
تكبرا	جذر	تكبر;كبر;أكبر
تكتب	جذر	أكتب;كتب
تكذيبا	جذر	تكذيب
تكرار	جذر	تكرار
تكرم	جذر	تكرم;أكرم;كرم
تكسب	جذر	تكسب;أكسب;كسب
تكسوها	جذر	كسا;أكسى
تكفي	جذر	كف;وكف;كفى
تكن	جذر	كنى;كن;كان;وكن;أكن;تكني;تكنى
تكنولوجيات	جذر	تكنولوجي
تكون	جذر	كوى;تكون;كون;كان
تلائم	جذر	لاءم
تلت	جذر	لات;تل;تلا;لت;تلى
تلعب	جذر	لعب;ألعب
تلقاه	جذر	تلقى;لقي;لق;ولق
تلقى	جذر	لقى;تلقى;ألقى;لقي;لقا
تلقي	جذر	لقى;ألقى;لقي;تلقى;لق;لقا;ولق
تلك	جذر	لاك;لكي;لك;تلك;تل;تلى
تم	جذر	تم
تماما	جذر	تمام
تمت	جذر	مات;تم;أمات;مت
تمثالا	جذر	تمثال
تمثل	جذر	مثل;أمثل;تمثل
تمسك	جذر	تمسك;أمسك;ماس;أمسى;مسك;مس;أمس;مسى
تملأ	جذر	تملأ;ملأ
تملك	جذر	ملك;أمل;أملك;مل;أملى;تملى;أمال;تملك;مال
تملي	جذر	مل;تملى;أمل;أملى
تمنيت	جذر	تمنى
تنافس	جذر	تنافس;نافس
تناقلت	جذر	تناقل
تنال	جذر	نال;أنال
تناولها	جذر	ناول;تناول
تنتج	جذر	انتجى;أنتج;نتج
تنتشل	جذر	انتشل
تنتقد	جذر	انتقد
تنتقل	جذر	انتقل
تنجح	جذر	أنجح;نجح;تنجح
تنحني	جذر	ناح;انحنى;نحى;أنحى;نحا
تنزيله	جذر	تنزيل
تنشط	جذر	أنشط;نشط;تنشط
تنصيبه	جذر	تنصيب
تنطفئ	جذر	انطفأ
تنظمها	جذر	نظم;تنظم
تنظيم	جذر	تنظيم
تنعم	جذر	تنعم;أنعم;نعم
تنقل	جذر	أنقل;تنقل;نقل
تنوع	جذر	نوع;ناع;تنوع
تهتدي	جذر	اهتدى
تهدد	جذر	هد;هدد;تهدد
تهم	جذر	أهم;تهم;توهم;هام;هم;همى;وهم
تواجه	جذر	واجه;تواجه
تواصل	جذر	واصل;تواصل
توافد	جذر	توافد;وافد
توافق	جذر	وافق;توافق
توباغو	جذر	توباغو
توتر	جذر	وتر;توتر;أوتر
توثيق	جذر	توثيق
توجد	جذر	وجد;توجد;أوجد
توجه	جذر	وجه;توجه;توج;أوجه
توجهات	جذر	توجه
تورثت	جذر	توارث
تورطت	جذر	تورط
تورطها	جذر	تورط;أورط
توزيع	جذر	توزيع
توسيع	جذر	توسيع
توصف	جذر	تواصف;وصف;أوصف
توضحيات	جذر	توضح
توظف	جذر	وظف;توظف
توظيف	جذر	توظيف
توفي	جذر	وفى;أوفى;توفى
توفيت	جذر	توفى
توفير	جذر	توفير
توقعوا	جذر	وقع;توقع;أوقع
توقيت	جذر	توقيت;توقى
توقيع	جذر	توقيع
توكيلها	جذر	توكيل
تولت	جذر	تولى
توليد	جذر	توليد
توم	جذر	توم
تونس	جذر	تونس
تونسية	جذر	تونسي;تونس
تيزي	جذر	تيزي
تيسر	جذر	تيسر;يسر
تيقن	جذر	تيقن;يقن
ثابتة	جذر	ثابتة;ثابت
ثروته	جذر	ثرا
ثقة	جذر	ثقة
ثلاثينيات	جذر	ثلاثيني;ثلاثين
ثلث	جذر	ثلث
ثم	جذر	ثم
ثمن	جذر	ثمن;ثم
ثمينا	جذر	ثمين;ثم
جاء	جذر	جاء
جاد	جذر	جاد
جازما	جذر	جازم
جازي	جذر	جاز;جازى
جاكسون	جذر	جاكسون
جاكي	جذر	جاك
جالسا	جذر	جالس
جاهات	جذر	جاه
جاهد	جذر	جاهد
جاي	جذر	جاي
جبل	جذر	جبل
جبهة	جذر	جبهة
جثة	جذر	جث
جحيم	جذر	جحيم
جدا	جذر	وجد;جد;جدا
جده	جذر	وجد;جد;جاد
جدوى	جذر	جدوى
جذب	جذر	جذب
جذريا	جذر	جذري;جذر
جراء	جذر	جراء
جرائم	جذر	جرائم
جرت	جذر	جار;جرى;جر
جرجرة	جذر	جرجر;جرجرة
جرى	جذر	جرى
جريح	جذر	جريح
جزء	جذر	جزء
جعل	جذر	جعل
جلال	جذر	جلال
جلدته	جذر	جلدة;جلد
جماعية	جذر	جماعي;جماع;جماعة
جمعة	جذر	جمع;جمعة
جمعيات	جذر	جمعية;جمع;جمعة
جنائية	جذر	جنائي
جناح	جذر	جناح
جنب	جذر	جنب
جندي	جذر	جند;جندي
جنونية	جذر	جنون
جنيه	جذر	جن;وجن;جنة;جني
جهاز	جذر	جهاز
جهدا	جذر	جهد
جوازات	جذر	جواز
جودة	جذر	جود;جودة
جورج	جذر	جورج
جوزيف	جذر	جوزيف
جوفاء	جذر	جوفاء
جوي	جذر	جو;جوي;جوة
جويل	جذر	جويل
جويلية	جذر	جويل;جويلي
جي	جذر	جي
جيد	جذر	جاد;جيد
جيراننا	جذر	جيران
جيف	جذر	جيف
جيل	جذر	جيل;جال
جيمس	جذر	جيمس
حاجة	جذر	حاجة;حاج
حاجز	جذر	حاجز
حاجيات	جذر	حاجة;حاجيات;حاج
حادة	جذر	حاد
حادثة	جذر	حادث
حارب	جذر	حارب
حاز	جذر	حاز
حازمة	جذر	حازم
حاصل	جذر	حاصل
حاضرة	جذر	حاضر
حافة	جذر	حاف;حافة
حاليا	جذر	حالي;حال
حاملا	جذر	حامل
حان	جذر	حان
حبا	جذر	حبا;حب
حبس	جذر	حبس
حبل	جذر	حبل
حبيب	جذر	حبيب
حتى	جذر	حتى
حد	جذر	حد;وحد;حاد
حداثة	جذر	حداث;حداثة
حداد	جذر	حداد
حديقة	جذر	حديقة
حر	جذر	حار;حر;وحر
حرة	جذر	حر
حرس	جذر	حرس
حرفيا	جذر	حرف;حرفي
حزيران	جذر	حزيران
حس	جذر	حسى;حس
حساسية	جذر	حساسية;حساس
حسب	جذر	حسب
حسبما	جذر	حسبما
حسن	جذر	حسن;حسى;حس
حشد	جذر	حشد
حشود	جذر	حشود
حصتها	جذر	حص;حصة;حصى
حصد	جذر	حصد
حصلت	جذر	حصل
حضرت	جذر	حضر
حضور	جذر	حضور
حطت	جذر	حط;حاط
حظه	جذر	حظ
حظوظ	جذر	حظوظ
حفز	جذر	حفز
حق	جذر	حاق;حق
حقا	جذر	حقا;حق
حقبه	جذر	حقب
حقق	جذر	حقق
حققت	جذر	حقق;حق
حقوق	جذر	حقوق
حقي	جذر	حقا;حقة;حق
حقيقيا	جذر	حقيقي;حقيق
حكت	جذر	حاك;حكى;حك
حكرا	جذر	حكر
حكم	جذر	حكم
حكوميا	جذر	حكومي
حل	جذر	وحل;حل;حلى;حال
حلفائه	جذر	حلفاء
حلقات	جذر	حلق;حلقة
حلمي	جذر	حلمة;حلم
حلها	جذر	وحل;حل;حلى
حملات	جذر	حمل;حملة;حملات
حنث	جذر	حنث
حنون	جذر	حنون;حنا
حوادث	جذر	حوادث
حوالي	جذر	حوالي;حوالة;حوال
حوت	جذر	حوت;حوى
حول	جذر	حول
حي	جذر	حيا;حي
حيا	جذر	حيا;وحى;حي
حياتنا	جذر	حياة;حية;حيات;حي
حيازته	جذر	حيازة
حياكة	جذر	حياكة
حين	جذر	حين;حيا;وحى;حي
حينما	جذر	حينما
حينها	جذر	حين;حيا;وحى
حييت	جذر	حيا;حيي;حي
خاصا	جذر	خاص
خاض	جذر	خاض
خاطئة	جذر	خاطئ
خافت	جذر	خافت;خاف
خالدة	جذر	خالد
خبثا	جذر	خبث
خبز	جذر	خبز
ختم	جذر	ختم
خجل	جذر	خجل
خدا	جذر	خد
خدم	جذر	خدم
خرافة	جذر	خرافة;خراف
خرج	جذر	خرج
خسر	جذر	خسر
خصت	جذر	خص;خصى
خصخصته	جذر	خصخص;خصخصة
خصوصا	جذر	خصوص
خصيصا	جذر	خصيص
خضم	جذر	خضم
خطابات	جذر	خطاب;خطابة
خطابه	جذر	خطاب
خطبة	جذر	خطبة;خطب
خطوط	جذر	خطوط
خفية	جذر	خفي;خف;خفى;خفة
خفيضة	جذر	خفيض
خلابة	جذر	خلابة;خلاب
خلال	جذر	خلال
خلد	جذر	خلد
خلصت	جذر	خلص
خلطت	جذر	خلط
خلف	جذر	خلف
خلق	جذر	خلق
خندق	جذر	خندق
خوصصته	جذر	خوصص;خوصصة
خوضه	جذر	خوض
خولة	جذر	خولة
خوليو	جذر	خولي
خيانة	جذر	خيانة
خيباتي	جذر	خيبة
خير	جذر	خير;خار
خيمة	جذر	خيمة;خيم
داخل	جذر	داخل
دارت	جذر	دارى;دار
داع	جذر	داعى;داعي
داغستان	جذر	داغستان
دامت	جذر	دام
دخل	جذر	دخل
درس	جذر	درس
درويش	جذر	درويش
دفاتره	جذر	دفاتر
دفعات	جذر	دفعة;دفع
دفنت	جذر	دفن
دفنه	جذر	دفن;داف;دف;ودف
دقيق	جذر	دقيق
دلفين	جذر	دلف;دلفين
دمج	جذر	دمج
دمر	جذر	دمر
دموية	جذر	دموي
دهست	جذر	دهس
دواليب	جذر	دواليب
دوام	جذر	دوامي;دوام
دورا	جذر	دار;دور
دوري	جذر	دارى;دوري;دار;دور;دورة
دولي	جذر	دول;دال;دولة;دولي
دون	جذر	دون;دوى
دونالد	جذر	دونالد
ديار	جذر	ديار
ديسمبر	جذر	ديسمبر
ديغول	جذر	ديغول
دينار	جذر	دينار
دينامو	جذر	دينامو
دينيا	جذر	دين;ديني
دييغو	جذر	دييغو
ذا	جذر	ذا
ذاتي	جذر	ذاتي
ذراع	جذر	ذراع
ذكرت	جذر	ذكر
ذلك	جذر	ذلك;ذل
ذهب	جذر	ذهب
ذو	جذر	ذو
ذوي	جذر	ذوي
ذي	جذر	ذي
رأت	جذر	رأى
رأس	جذر	رأس
رأسي	جذر	رأس;رأسي
رأيتها	جذر	رأي;رأى
رؤساء	جذر	رؤساء
رؤى	جذر	رؤى
رائحة	جذر	رائحة;رائح
راح	جذر	راح
راش	جذر	راش;راشى;راشي
راعية	جذر	راعي
راعيتها	جذر	راعي;راعى
رافعا	جذر	رافع
راقية	جذر	راقي
راوغ	جذر	راوغ
رايان	جذر	راي
رباعي	جذر	رباعي;رباع
رباه	جذر	رب;ربى;ربا
ربما	جذر	ربما
ربوع	جذر	ربوع
رحلة	جذر	رحل;رحلة
رحمة	جذر	رحمة;رحم
رحمهم	جذر	رحم
رد	جذر	راد;ردى;رد;ورد
رداءه	جذر	رداء
ردود	جذر	ردود
رديئة	جذر	رديئة
رسميا	جذر	رسمي;رسم
رسول	جذر	رسول
رسوم	جذر	رسوم
رضا	جذر	رضا;رض
رعاية	جذر	رعاية
رفاتها	جذر	رف;رفات
رفع	جذر	رفع
ركن	جذر	رك;ورك;ركن
ركيكة	جذر	ركيك
رمزا	جذر	رمز
رمضان	جذر	رمضان;رمض
رموز	جذر	رموز
روابطه	جذر	روابط
رواجا	جذر	رواج
روايات	جذر	روايات;رواية
رواية	جذر	رواية
رودني	جذر	راد;رود
روسيا	جذر	روسي;روس;روسيا
رونالدو	جذر	رونالدو;رونالد
رياضة	جذر	رياضة;رياض
رياضيا	جذر	رياضي;رياض
رياضية	جذر	رياضي;رياضة;رياض
رياضيين	جذر	رياضي
ريال	جذر	ريال
ريان	جذر	ري
ريبين	جذر	ريب
ريو	جذر	ريو;ري
زاد	جذر	زاد
زال	جذر	زال
زجاج	جذر	زجاج
زخما	جذر	زخم
زغرب	جذر	زغرب
زكريا	جذر	زكريا
زمن	جذر	زم;زمن
زوجة	جذر	زوج;زوجة
زوجتين	جذر	زوج
زيادة	جذر	زيادة
زيجات	جذر	زيجات;زيج
زيدان	جذر	زيد
زين	جذر	زيا;زين;زان
سأشجع	جذر	شجع
سألت	جذر	سأل;لت
سائدة	جذر	سائد
ساسة	جذر	ساسة
سال	جذر	سال
سامحني	جذر	سامح
سان	جذر	سان
ساهم	جذر	ساهم
سبتمبر	جذر	سبتمبر
سبر	جذر	سبر
سبع	جذر	سبع
سبعة	جذر	سبع;سبعة
سبقتها	جذر	سبق;سبقة
سبل	جذر	سبل
سبيل	جذر	سبيل
ست	جذر	ست
ستالين	جذر	ستالين
ستبقى	جذر	بقى;أبقى;بقي
ستتصدى	جذر	تصدى
ستجد	جذر	وجد;جد
ستحضر	جذر	حضر;أحضر
ستحميه	جذر	حمى;أحمى
ستخفت	جذر	خفت
سترافق	جذر	رافق
ستعني	جذر	عنى
ستنتصر	جذر	انتصر
ستواجه	جذر	واجه
ستيفانو	جذر	ستيفان
سجل	جذر	سجل
سجنا	جذر	سجن;سجى;سج
سجون	جذر	سجا;سجون
سخط	جذر	سخط
سخيا	جذر	سخا;سخي
سدة	جذر	سدة;سد
سر	جذر	سار;سر;سرى
سراقة	جذر	سراق
سرية	جذر	سري;سرى;سرية;سر;سرة
سريع	جذر	سريع
سطيف	جذر	سطيف
سعت	جذر	ساع;سعى
سعد	جذر	سعد
سعداني	جذر	سعد;سعدان
سعيد	جذر	سعيد
سفر	جذر	سفر
سقط	جذر	سقط
سكانه	جذر	سكان
سلال	جذر	سلال
سلبي	جذر	سلبة;سلبي;سلب
سلسلة	جذر	سلسلة
سلط	جذر	سلط
سلمي	جذر	سلم;سلمة
سليمان	جذر	سليم
سماحة	جذر	سماحة;سماح
سماعها	جذر	سماع
سماها	جذر	سما;سمى;سم;وسم
سمعت	جذر	سمع
سمي	جذر	وسم;سمى;سما;سم;سمي;سمة
سنتطرق	جذر	تطرق
سنغافورة	جذر	سنغافورة
سنويا	جذر	سنوي
سنين	جذر	سنا;سن
سهلا	جذر	سهل
سوء	جذر	سوء
سواء	جذر	سواء
سواك	جذر	سوى;سواك
سواهم	جذر	سوى;سواهم
سوريا	جذر	سوري;سور;سارى
سوقا	جذر	سوق;ساق
سوى	جذر	سوى
سويسرا	جذر	سويسرا
سويسري	جذر	سويسري
سيال	جذر	سيال
سيباو	جذر	سيبا
سيترتب	جذر	ترتب
سيتضاعف	جذر	تضاعف
سيتفق	جذر	اتفق
سيحيا	جذر	أحيا;حيا;حيي;سيح
سيدريك	جذر	أدرى;درى
سيراجع	جذر	راجع
سيزار	جذر	زار
سيسقط	جذر	سقط;أسقط
سيشترون	جذر	اشترى
سيشعر	جذر	شعر;أشعر
سيطر	جذر	طر;سيطر
سيعرفها	جذر	عرف
سيعزف	جذر	عزف
سيفوز	جذر	فوز;فاز
سيقوم	جذر	قوم;قام
سيكون	جذر	كون;كان
سيمنعون	جذر	منع
سينفذ	جذر	أنفذ;نفذ
شأن	جذر	شأن
شائكة	جذر	شائك
شات	جذر	شاتي
شارة	جذر	شارة
شارف	جذر	شارف
شارك	جذر	شار;شارى;شارك
شاركت	جذر	شارك
شارل	جذر	شارل
شاع	جذر	شاع
شامخا	جذر	شامخ
شامل	جذر	شامل
شاه	جذر	شاه
شباط	جذر	شباط
شبهت	جذر	شبه
شراسة	جذر	شراسة;شراس
شراك	جذر	شراك;شرى;شر
شرب	جذر	شرب
شرط	جذر	شرط
شرق	جذر	شرق
شعبيا	جذر	شعبي;شعب
شغفه	جذر	شغف
شغل	جذر	شغل
شفة	جذر	شفة;شف
شك	جذر	شاك;شك
شكرا	جذر	شكر
شكك	جذر	شاك;شكك;شك
شككت	جذر	شكك;شك
شكوكهم	جذر	شكوك
شكون	جذر	شكا
شملت	جذر	شمل
شن	جذر	شن;شان
شنق	جذر	شنق
شهادات	جذر	شهادة
شهادته	جذر	شهاد;شهادة
شهد	جذر	شهد
شهدتها	جذر	شهد;شهدة
شهر	جذر	شهر
شهريا	جذر	شهر;شهرى;شهري
شوارع	جذر	شوارع
شيء	جذر	شيء;شاء
شيئا	جذر	شيء;شيأ;شاء
شيشاني	جذر	شيشان;شيشاني
صاحب	جذر	صاحب
صادرة	جذر	صادر
صادفت	جذر	صادف
صادق	جذر	صادق
صار	جذر	صار;صاري
صارت	جذر	صار
صارخ	جذر	صارخ
صارم	جذر	صارم
صاروخية	جذر	صاروخ
صامت	جذر	صامت;صام
صامدا	جذر	صامد
صبح	جذر	صبح
صبغة	جذر	صبغة;صبغ
صحافيا	جذر	صحافي;صحاف
صحت	جذر	صح;صحا;صاح
صحتها	جذر	صحة;صاح
صحفي	جذر	صحفة;صحفي;صحف
صحفيا	جذر	صحفي;صحف
صحيا	جذر	صحي
صحيح	جذر	صحيح
صخرة	جذر	صخر;صخرة
صد	جذر	صد;وصد;صاد;صدى
صدقا	جذر	صدق
صدم	جذر	صدم
صدى	جذر	صدى
صراحة	جذر	صراحة;صراح
صرامته	جذر	صرامة;صرام
صرت	جذر	صار;صر
صرح	جذر	صرح
صرخت	جذر	صرخ
صريحا	جذر	صريح
صريعا	جذر	صريع
صعود	جذر	صعود
صفر	جذر	صفر
صفو	جذر	صفو
صفوف	جذر	صفوف
صلاته	جذر	صل;صلة;صلاة
صلاح	جذر	صلاح
صليبا	جذر	صليب
صمت	جذر	صم;صام;صمت
صمتهم	جذر	صم;صمة;صام;صمت
صمموا	جذر	صمم
صندوق	جذر	صندوق
صنيعة	جذر	صنيعة;صنيع
صواب	جذر	صواب;صوابي
صوب	جذر	صوب
صوت	جذر	صات;صوت;صوى
صور	جذر	صار;صور
صوره	جذر	صور
ضابطا	جذر	ضابط
ضاعت	جذر	ضاع
ضباط	جذر	ضباط
ضجيج	جذر	ضجيج
ضحكت	جذر	ضحك
ضد	جذر	ضد
ضروريا	جذر	ضروري
ضعف	جذر	ضعف
ضغوطات	جذر	ضغوط
ضمان	جذر	ضمان;ضم
ضمن	جذر	ضمن;ضام;ضم
ضمنيا	جذر	ضمن;ضمني
طاردته	جذر	طارد
طارق	جذر	طارق
طاغية	جذر	طاغي
طاقم	جذر	طاقم
طال	جذر	طال
طالما	جذر	طالما;طالم
طبيعيا	جذر	طبيعي
طبيعية	جذر	طبيعي;طبيعة
طرابلس	جذر	طرابلس
طرح	جذر	طرح
طريف	جذر	طريف
طغيان	جذر	طغيان
طلعت	جذر	طلع
طوابير	جذر	طوابير
طوال	جذر	طوال
طورها	جذر	طور
طويل	جذر	طويل
طيران	جذر	طيران;طير
ظروف	جذر	ظروف
ظل	جذر	ظل
ظهر	جذر	ظهر
ظهور	جذر	ظهور
عاتق	جذر	عاتق
عاث	جذر	عاث
عاجزة	جذر	عاجز
عاد	جذر	عاد;عادى;عادي
عادات	جذر	عاد;عادة
عادت	جذر	عاد;عادى
عادلا	جذر	عادل
عاش	جذر	عاش
عاصفة	جذر	عاصف
عال	جذر	عال;عالى;عالي
عالميين	جذر	عالمي
عامة	جذر	عام;عامة
عامل	جذر	عامل
عانى	جذر	عانى
عبد	جذر	عبد
عبدالقادر	جذر	عبدالقادر
عبدالله	جذر	عبدالله
عبدالملك	جذر	عبدالملك
عبر	جذر	عبر
عبورها	جذر	عبور
عتبة	جذر	عتب;عتبة
عدا	جذر	عدا;عد;وعد
عدسات	جذر	عدسة;عدس
عدم	جذر	عدم
عدوي	جذر	عدوة;عدوي;عد;عدى;عدو;وعد
عرفات	جذر	عرفات;عرف
عرفة	جذر	عرفة;عرف
عرقيا	جذر	عرقى;عرق
عزموا	جذر	عزم
عشاق	جذر	عشاق
عصفور	جذر	عصفور
عصمة	جذر	عصمة;عصم
عضلية	جذر	عضل;عضلة
عضو	جذر	عضو
عضوا	جذر	عضو;عض
عقاب	جذر	عقاب
عقد	جذر	عقد
عقلانيين	جذر	عقلاني
علاوة	جذر	علاوة
علب	جذر	علب
علمنا	جذر	علمن;علم
علني	جذر	علن;عال;عل;على
على	جذر	على
علي	جذر	علا;علة;علي;عل;على
عليك	جذر	عليك;علة;علي;عل;على
عليكم	جذر	علة;علي;عل;على
عما	جذر	عم;عما
عمار	جذر	عمار
عمرو	جذر	عمر;عمرو
عمليا	جذر	عملي;عمل
عمن	جذر	عمى;عام;عم
عموما	جذر	عموم
عن	جذر	عان;عنى;عن
عند	جذر	عند
عندما	جذر	عندما
عوالمية	جذر	عوالم
عيبه	جذر	عيب
عين	جذر	وعى;عان;عي;عين;عيا
عينت	جذر	عان;عين
عينيه	جذر	عان;عينة;عين
عيون	جذر	عيون
غابت	جذر	غاب
غادر	جذر	غادر
غارق	جذر	غارق
غاضبة	جذر	غاضب
غالب	جذر	غالب
غالي	جذر	غالى
غبية	جذر	غبي;غب
غرفة	جذر	غرفة;غرف
غرور	جذر	غرور
غزة	جذر	غزة
غزو	جذر	غزو
غفرتها	جذر	غفرة;غفر
غلاف	جذر	غلاف
غنية	جذر	غنة;غني;غنى;غن
غياب	جذر	غياب
غيابي	جذر	غيابي;غياب;غيابة
غيابيا	جذر	غيابي;غياب
غير	جذر	غار;غير
غيره	جذر	غير
فأجابني	جذر	أجاب
فأعمت	جذر	أعمى
فأغلبية	جذر	أغلبية;أغلب
فائقة	جذر	فائق
فاحتل	جذر	احتال;احتل
فارس	جذر	فارس;رسا
فاز	جذر	فاز
فاطمة	جذر	فاطم
فالفرجار	جذر	فرجار
فالمجد	جذر	مجد
فاهتزت	جذر	اهتز
فايز	جذر	فايز
فبراير	جذر	فبراير
فتاوى	جذر	فتاوى
فتبكي	جذر	بكى;أبكى
فتحت	جذر	تحت;حات;فتح;حت
فتحتها	جذر	تحت;فتحة;فتح;حت
فترجف	جذر	أرجف;ترجف;رجف
فتكا	جذر	فتك
فتلجأ	جذر	لجأ;ألجأ
فتمتعت	جذر	تمتع
فثارت	جذر	ثار
فجر	جذر	جر;جار;جرى;وجر;فجر
فجرا	جذر	فجر;وجر;جر
فخابت	جذر	خاب
فخفف	جذر	خفف
فراشة	جذر	فراشة;فراش
فربطت	جذر	ربط
فرحا	جذر	فرح;رحا
فرسان	جذر	رس;فرسان;فرس
فرشاته	جذر	فرش;رش;فرشة;فرشاة;رشا;رشاة
فرص	جذر	فرص;رص
فرض	جذر	راض;فرض;رضى;رض
فرضت	جذر	فرض;راض;رضا;رضى;رض
فرعها	جذر	ورع;فرع;رعى;راع
فرعون	جذر	رعا;فرعون
فريدا	جذر	راد;فريد
فريدمان	جذر	فريدمان
فزبونهم	جذر	زبون
فساد	جذر	فساد;ساد
فسيفسائية	جذر	فسيفساء
فشل	جذر	فشل;شل;شال
فصل	جذر	وصل;صل;صلى;فصل;صال
فصلا	جذر	وصل;صل;فصل
فضاء	جذر	ضاء;فضاء
فضحونا	جذر	ضحا;فضح;ضحو;ضحى
فعل	جذر	فعل;عال;عل;على
فعلا	جذر	علا;عل;فعل
فعلت	جذر	علا;فعل;عال;عل;على
فعليا	جذر	علي;على;علا;عل;عليا;فعل
فعليها	جذر	علي;علة;فعل;على;عل;فعلة
ففرع	جذر	فرع
ففي	جذر	في
فقأ	جذر	فقأ
فقام	جذر	قام
فقبل	جذر	قبل
فقد	جذر	وقد;قد;قاد;فقد
فقط	جذر	قط;فقط
فكرة	جذر	فكر;كرة;كر;فكرة
فكرية	جذر	كري;كرى;كرية;كرة;فكر;كر;ري;فكرة
فكيف	جذر	كاف;كيف
فلا	جذر	لا;فل;فلا
فلسطين	جذر	سطا;فلسطين
فلسطينية	جذر	فلسطيني;فلسطين
فلسفة	جذر	سفة;فلسفة
فلسفية	جذر	سفة;فلسفة;فلسفي
فلم	جذر	فلم;لم;لام
فلماذا	جذر	ماذا;لماذا
فلن	جذر	لن;فال;لان;فل;فلى
فلهم	جذر	هم;فل;فلى
فما	جذر	ما;فم
فماذا	جذر	ماذا
فمر	جذر	مار;مر
فمطلوب	جذر	مطلوب
فمع	جذر	ماع;مع
فمن	جذر	منى;من
فمنذ	جذر	منذ
فمها	جذر	فم;مها
فموتوا	جذر	مات;موت
فنجد	جذر	جاد;جد;أجدى;وجد;أجاد;نجد
فنون	جذر	ونى;أونى;نون;نوى;فنون
فنية	جذر	نية;فن
فهم	جذر	هام;هم;وهم;فهم
فهنالك	جذر	هنالك
فهو	جذر	هو
فو	جذر	فو
فوالدها	جذر	والد
فور	جذر	ورى;فور
فوراءه	جذر	وراء
فوز	جذر	فوز;وز
فوق	جذر	فوق;وقى
فوليا	جذر	فول;وليا;ولي;ولى
فيتحكمون	جذر	تحكم
فيرجسون	جذر	رجس
فيرغمه	جذر	رغم;أرغم
فيروز	جذر	راز;فيروز
فيسبوك	جذر	سبى;سب
فيعرض	جذر	أعرض;عرض
فيقطع	جذر	قطع;أقطع
فيليب	جذر	فيليب
فيما	جذر	فيما;يم
فيهديه	جذر	أهدى;هدى
قائد	جذر	قائد
قابلية	جذر	قابلية;قابل
قاد	جذر	قاد
قادته	جذر	قادة;قاد
قاصرا	جذر	قاصر
قاطرة	جذر	قاطر
قاعات	جذر	قاع;قاعة
قال	جذر	قال
قانونا	جذر	قانى;قانون;قان
قبرص	جذر	قبرص
قتلى	جذر	قتلى
قتيل	جذر	قتيل
قد	جذر	وقد;قد;قاد
قدر	جذر	قدر
قديم	جذر	قديم
قراها	جذر	قرا;وقر;قر;قرى
قرب	جذر	قرب
قررت	جذر	قر;قرر
قساوة	جذر	قساوة
قسما	جذر	قسم
قسوة	جذر	قسوة
قصده	جذر	قصد
قصصها	جذر	قصص
قصوى	جذر	قصوى
قط	جذر	قط
قطار	جذر	قطار
قطاعات	جذر	قطاع;قطاعة
قطبي	جذر	قطب;قطبة;قطبي
قطعة	جذر	قطع;قطعة
قلت	جذر	قل;قلى;قلا;قال
قلوبهم	جذر	قلوب
قمح	جذر	قمح
قمعية	جذر	قمع;قمعة
قناة	جذر	قناة
قنديل	جذر	قنديل
قوائم	جذر	قوائم
قواعدي	جذر	قواعد
قوانينهم	جذر	قوانين
قوبلوا	جذر	قابل
قوة	جذر	قوة
قوته	جذر	قوى;قوة;قوت
قوس	جذر	قوس
قوم	جذر	قوم
قويا	جذر	قوى;قوي
قياسي	جذر	قياسي;قياس
قيقة	جذر	قيق
قيم	جذر	قيم;قام
ك	جذر	ك
كأس	جذر	أس;كأس
كأن	جذر	كأن;أن
كئيبة	جذر	كئيب
كاد	جذر	كاد
كار	جذر	كار;كارى
كاسترو	جذر	كاسترو
كافيا	جذر	كاف;كافي
كالعصافير	جذر	عصافير
كالكراسي	جذر	كراس;كراسي
كاليابان	جذر	يابان
كاليفورنيا	جذر	كاليفورني;كاليفورنيا
كان	جذر	كان
كانتونا	جذر	كانتون;كانتو
كانون	جذر	كانون
كايلي	جذر	كايل
كبارا	جذر	كبار
كبر	جذر	كبر;بر
كبره	جذر	كبر;بر;بره
كبريات	جذر	كبرى;بر;كبر;بري;كبرة;برية
كبسه	جذر	كبس
كتابة	جذر	كتابة;كتاب
كتب	جذر	كتب;تب
كذب	جذر	كذب;ذب
كذلك	جذر	كذلك;ذلك;ذل
كرهت	جذر	كره
كرواتيا	جذر	كرواتي;كروات;كرواتيا
كروز	جذر	روز;كروز
كروي	جذر	روي;كر;وكر;كروي
كرويا	جذر	كرويا;كروي
كروية	جذر	روي;روية;كروي
كريستيانو	جذر	كريستيانو;كريستيان
كسر	جذر	سر;كسر
كسواي	جذر	سوا
كشف	جذر	كشف;شف
كشفت	جذر	كشف
كفة	جذر	كفة;كف
كقرار	جذر	قرار
كل	جذر	أكل;كال;وكل;كل
كلا	جذر	أكل;كلا;وكل;كل
كلام	جذر	كلام;لام
كلبنان	جذر	لبنان
كلتا	جذر	كلتا;كل
كلما	جذر	كلم;كلما
كلمات	جذر	لمة;كلمة;كلم
كلمتا	جذر	كلم
كم	جذر	كم
كما	جذر	كما;كم
كمال	جذر	كمال;مال
كميت	جذر	كميت;ميت;كمى
كنا	جذر	وكن;كن
كنت	جذر	كنى;كن;كان
كون	جذر	كوى;ون;كون
كونه	جذر	ون;كون
كينغ	جذر	كينغ
كينيا	جذر	كيني;كين;كينيا
ل	جذر	ل;ولى;ولي
لأؤكد	جذر	أكد
لأضحك	جذر	ضحى;ضحك;أضحى;أضحك
لأعدائه	جذر	أعداء
لأنك	جذر	نكى;نكي;أن
لأنمو	جذر	نما
لإشراك	جذر	إشراك
لإلحاق	جذر	إلحاق
لابنه	جذر	لابن;ابن
لاحتواء	جذر	احتواء
لاحقا	جذر	لاحق
لازلت	جذر	لازلت
لازم	جذر	لازم
لاستباحة	جذر	استباحة
لافتات	جذر	لافتة;لافت
لاقتسام	جذر	اقتسام
لاكتساب	جذر	اكتساب
لاكتشاف	جذر	اكتشاف
لامعة	جذر	لامع
لباسها	جذر	باس;لباس
لبريطانيا	جذر	بريطانيا
لبناني	جذر	بنى;لبن;لبناني;لبنان;بنان
لبني	جذر	لبى;لبنة;لبن;بنى;بني;بن;ولب
لتبرير	جذر	تبرير
لتتفرغ	جذر	تفرغ
لتجميع	جذر	تجميع
لتركيا	جذر	ركا
لتضعها	جذر	وضع;أضاع;ضاع
لتضيع	جذر	ضيع;أضاع
لتقصيرك	جذر	تقصير
لتكسير	جذر	تكسير
لتلك	جذر	تل;لاك;لكي;لك;تلك
لتنفيذ	جذر	تنفيذ
لتنمية	جذر	تنمية
لجأت	جذر	لجأ;جأى
لجدولة	جذر	جدول
لجلبه	جذر	جلب
لجنة	جذر	جن;جنة;لجنة
لحد	جذر	حد;لحد
لحظة	جذر	لحظ;لحظة;حظ
لحقت	جذر	حاق;لحق;حقا;حق
لحلف	جذر	حلف
لدى	جذر	لدى
لدي	جذر	ولد;لد
لدينا	جذر	دين;ولد;لدى;لد
لديه	جذر	ولد;لد;لدى
لروسيا	جذر	روسيا
لسان	جذر	لسان
لست	جذر	ست;لست
لسكك	جذر	سك;سكك
لسلطانه	جذر	سلطان
لسنا	جذر	لسن;سنا;لسنا;سن
لسنة	جذر	لسن;سن;سنة
لشن	جذر	شن
لصحافيين	جذر	صحافي
لصوصيتك	جذر	لصوص;صوص;لصوصي;لصوصية
لطائف	جذر	لطائف;طائف
لطالما	جذر	طالما
لعاب	جذر	لعاب;عاب
لعب	جذر	عب;لعب
لعبة	جذر	لعبة;عب;لعب
لعبت	جذر	عب;عبى;لعب;عبا;عاب
لعل	جذر	لعل;عل
لعنة	جذر	لعنة
لفتت	جذر	فتت;فت;فات;لفت;فتا
لفلسطين	جذر	فلسطين
لفيروز	جذر	فيروز
لقاء	جذر	قاء;لقاء
لقبا	جذر	لقب;قب;قبا
لقد	جذر	قد
لقطات	جذر	لقطة;قط;لقط;لقطات
لك	جذر	لاك;لك
لكسب	جذر	كسب
لكسر	جذر	كسر
لكن	جذر	لكن;لاك;لك;كن
لكنني	جذر	لكن;لاك;كن;لك
لكنه	جذر	لكن;لاك;كنه;لك;كن
لكني	جذر	لاك;كنة;لكن;كنى;لكنة;لك
لكيم	جذر	كيم
للأبد	جذر	أبد
للأعراف	جذر	أعراف
للإيقاع	جذر	إيقاع
للتحرر	جذر	تحرر
للتخلص	جذر	تخلص
للتعب	جذر	تعب
للتقارب	جذر	تقارب
للتكوين	جذر	تكوين
للتوصل	جذر	توصل
للجائع	جذر	جائع
للحوت	جذر	حوت;لحا
للروائي	جذر	روائي;رواء
للزمان	جذر	زمان
للعيش	جذر	عيش
للمفاوضات	جذر	مفاوض;مفاوضة
للملاكم	جذر	ملاكم
للمواقيت	جذر	مواقيت
للميلاد	جذر	ميلاد
للنظرية	جذر	نظرة;نظرية;نظري;نظر
للنيويورك	جذر	نيويورك
للوطن	جذر	لوط;وطن
للوقاية	جذر	وقاية
لم	جذر	لم;لام
لما	جذر	لم;لما
لمارادونا	جذر	مارادونا
لمجلة	جذر	مجلة
لمحمد	جذر	محمد
لمدة	جذر	مدة;مد
لمربع	جذر	مربع
لمستحضرات	جذر	مستحضر
لمشوار	جذر	مشوار
لمكانة	جذر	مكانة;مكان
لملك	جذر	مل;ملك
لمملكة	جذر	مملك;مملكة
لمن	جذر	من;لم;لام
لمنحة	جذر	منح;منحة
لمنزل	جذر	منزل
لمواصلة	جذر	مواصلة;مواصل
لن	جذر	لن;لان
لنا	جذر	لنا
لنجم	جذر	أجم;وجم;جم;نجم;جام
له	جذر	وله;له;لهى;لاه
لها	جذر	وله;لها
لهزات	جذر	هزة
لهفوة	جذر	هفوة
لو	جذر	لوى;لو
لوس	جذر	لوس
لوكا	جذر	لاك
لولادة	جذر	ولادة
لون	جذر	لون;ون;لوى
لي	جذر	لي
ليأتي	جذر	أتى
ليبيا	جذر	ليبي;ليبيا
ليبيريا	جذر	ليبيري;ليبيريا
ليتم	جذر	تم;يتم;أتم
ليتها	جذر	ليت
ليجيبها	جذر	جيب;جاب;أجاب
ليخر	جذر	خر;خار
ليخفي	جذر	أخفى;خفى
ليس	جذر	ليس
ليست	جذر	ليس;ليست
ليسلم	جذر	سلم;أسلم
ليسوا	جذر	ليس;ليسوا
ليعلن	جذر	عال;أعال;على;علن;علا;عل;أعلى;أعلن
ليعيل	جذر	عيل;أعال
ليفربول	جذر	ليفربول
ليقدمها	جذر	أقدم;قدم
ليقعوا	جذر	وقع;أقعى
ليكون	جذر	كوى;كون;كان
ليمثل	جذر	مثل;أمثل
لينقلوا	جذر	أنقل;نقل
ليون	جذر	ونى;أونى
مألوف	جذر	مألوف
مؤامرة	جذر	مؤامرة
مؤتمر	جذر	مؤتمر
مؤخرا	جذر	مؤخر
مؤذية	جذر	مؤذي
مؤسس	جذر	مؤسس
مؤشر	جذر	مؤشر
ما	جذر	ما
ماتت	جذر	مات
ماديا	جذر	مادي
مارس	جذر	مارس
مانشستر	جذر	مانشستر
ماهرة	جذر	ماهر
مايو	جذر	مايو
مبارك	جذر	مبار;مبارك
مباشرة	جذر	مباشرة;مباشر
مبدعا	جذر	مبدع
متتالية	جذر	متتالي
متجر	جذر	متجر
متجهة	جذر	متجه
متحف	جذر	متحف
مترابط	جذر	مترابط
مترتبة	جذر	مترتب
متسارع	جذر	متسارع
متسمرون	جذر	متسمر
متشعبة	جذر	متشعب
متصوفون	جذر	متصوف
متعددة	جذر	متعدد
متعلقان	جذر	متعلق
متقاربة	جذر	متقارب
متقطع	جذر	متقطع
متلعثما	جذر	متلعثم
متميزة	جذر	متميز
متنها	جذر	مات;متن;مت
متهم	جذر	مات;متهم;مت
متواضعة	جذر	متواضع
متواطئ	جذر	متواطئ
متوترة	جذر	متوتر
متوج	جذر	متوج
متوجسا	جذر	متوجس
متوحشة	جذر	متوحش
متورطا	جذر	متورط
متوقع	جذر	متوقع
متوقفة	جذر	متوقف
مثلي	جذر	مثل;مثلي
مجابهة	جذر	مجابه;مجابهة
مجازر	جذر	مجازر
مجانيا	جذر	مجان;مجاني
مجددا	جذر	مجدد
مجرى	جذر	مجرى
مجرياتها	جذر	مجرة;مجرى
مجمعة	جذر	مجمع
مجيئه	جذر	مجيء
محاصرة	جذر	محاصر;محاصرة
محاط	جذر	محاط
محافظة	جذر	محافظ;محافظة
محاولة	جذر	محاولة;محاول
محبطة	جذر	محبط
محتويات	جذر	محتوى;محتويات
محدود	جذر	محدود
محفظة	جذر	محفظة
محكمة	جذر	محكمة;محكم
محل	جذر	محل
محليا	جذر	محلي;محل
محمدوف	جذر	محمدوف
محور	جذر	محور
مخادعة	جذر	مخادع;مخادعة
مخاطبا	جذر	مخاطب
مخططا	جذر	مخطط
مخيلتي	جذر	مخيلة;مخيل
مدار	جذر	مدار
مدانة	جذر	مدان
مدراء	جذر	مدراء
مدرجات	جذر	مدرج
مدريد	جذر	مدريد
مدى	جذر	مدى
مدير	جذر	مدير
مذكرا	جذر	مذكر
مذنب	جذر	مذنب
مراد	جذر	مراد
مراسلة	جذر	مراسل;مراسلة
مراعاة	جذر	مراعاة
مراقبة	جذر	مراقبة;مراقب
مربوطة	جذر	مربوط
مرتعا	جذر	مرتع
مرتين	جذر	مر
مردوده	جذر	مردود
مرشد	جذر	مرشد
مرغمة	جذر	مرغم
مركبة	جذر	مركبة;مركب
مرمى	جذر	مرمى
مرنة	جذر	مرن
مرهقة	جذر	مرهق
مريحة	جذر	مريح
مريضا	جذر	مريض
مزارعهم	جذر	مزارع
مزيجا	جذر	مزيج
مسابقة	جذر	مسابق;مسابقة
مساحات	جذر	مساح;مساحة
مسالمة	جذر	مسالمة;مسالم
مسامحتهم	جذر	مسامح
مساندة	جذر	مساندة;مساند
مستائين	جذر	مستاء
مستحيل	جذر	مستحيل
مستعدة	جذر	مستعد
مستقبليا	جذر	مستقبلي;مستقبل
مستقلا	جذر	مستقل
مستمر	جذر	مستمر
مستنفرة	جذر	مستنفر
مستوطنة	جذر	مستوطن
مستويات	جذر	مستوي;مستوى
مسجلة	جذر	مسجلة;مسجل
مسحوقا	جذر	مسحوق
مسدود	جذر	مسدود
مسرحية	جذر	مسرحي;مسرح
مسودة	جذر	مسودة;مسود
مشابهة	جذر	مشابه;مشابهة
مشارف	جذر	مشارف
مشانقنا	جذر	مشانق
مشاهدة	جذر	مشاهد;مشاهدة
مشاورات	جذر	مشاور;مشاورة
مشحونة	جذر	مشحون
مشغول	جذر	مشغول
مصر	جذر	مصر
مصطلح	جذر	مصطلح
مصممة	جذر	مصمم
مصوبة	جذر	مصوب
مضت	جذر	مضى;مض
مضى	جذر	مضى
مطار	جذر	مطار
مطالب	جذر	مطالب
مطبخ	جذر	مطبخ
مطبق	جذر	مطبق
مطيعة	جذر	مطيع
مظاهر	جذر	مظاهر
مظلم	جذر	مظلم
معاملة	جذر	معاملة;معامل
معتبر	جذر	معتبر
معدات	جذر	معدة;معد;معدات
معدودات	جذر	معدود
معذرة	جذر	معذرة;معذر
معرفة	جذر	معرف;معرفة
معظم	جذر	معظم
معك	جذر	معك;مع
معلقة	جذر	معلق
معمر	جذر	معمر
معه	جذر	مع
معهد	جذر	معهد
معهود	جذر	معهود
معي	جذر	معي;مع
مغاربي	جذر	مغارب;مغاربي;مغاربة
مغلقة	جذر	مغلق
مفاجئ	جذر	مفاجئ
مفادها	جذر	مفاد
مفارقة	جذر	مفارق;مفارقة
مفتاح	جذر	مفتاح
مفتوح	جذر	مفتوح
مفدي	جذر	مفدي
مفردات	جذر	مفرد
مفرطة	جذر	مفرط
مفروشا	جذر	مفروش
مقارنة	جذر	مقارنة;مقارن
مقام	جذر	مقام
مقبرة	جذر	مقبرة;مقبر
مقتل	جذر	مقتل
مقدس	جذر	مقدس
مكافحة	جذر	مكافحة;مكافح
مكانا	جذر	مكا;مكان;مك
مكب	جذر	مكب
مكتوب	جذر	مكتوب
مكثفة	جذر	مكثف
مكرمة	جذر	مكرمة;مكرم
مكسب	جذر	مكسب
مكوناتها	جذر	مكون
ملؤها	جذر	ملء
ملابس	جذر	ملابس
ملحة	جذر	ملحة;ملح
ملحمي	جذر	ملحم;ملحمة
ملعقة	جذر	ملعقة;ملعق
ملك	جذر	ملك;مال;مل
ملوك	جذر	مل;ملوك
مليئة	جذر	مليئة
مما	جذر	مما
ممارسة	جذر	ممارسة;ممارس
ممتازا	جذر	ممتاز
ممثلة	جذر	ممثل
مملة	جذر	ممل
ممن	جذر	ممن
مناسب	جذر	مناسب
مناسبات	جذر	مناسب;مناسبة
منتدى	جذر	منتدى
منتظر	جذر	منتظر
منتوج	جذر	منتوج
منحازا	جذر	منحاز
منحت	جذر	منحت;منح
منخفض	جذر	منخفض
مندهشة	جذر	مندهش
منزعجا	جذر	منزعج
منزلي	جذر	منزلة;منزلي;منزل
منشور	جذر	منشور
منطقها	جذر	منطق
منظمة	جذر	منظمة;منظم
منعدما	جذر	منعدم
منغصات	جذر	منغص
منفصلة	جذر	منفصل
منقلاتي	جذر	منقلة;منقل
منهزمة	جذر	منهزم
مني	جذر	منى;مني;من;منة
مهابة	جذر	مهاب;مهابة
مهارة	جذر	مهارة;مهار
مهد	جذر	مهد
مهلكم	جذر	مهل
مهما	جذر	مهما;مهم
موارد	جذر	موارد
مواسم	جذر	مواسم
مواطنيهم	جذر	مواطن;مواطنة
مواهب	جذر	مواهب
موبقات	جذر	موبقة
موجة	جذر	موج;موجة
موحشة	جذر	موحش
موسكو	جذر	موسكو
موسيقى	جذر	موسيقى
موضوع	جذر	موضوع
موظفا	جذر	موظف
موعد	جذر	موعد
مولاي	جذر	مول;مولى;مال
مولع	جذر	مولع
موناكو	جذر	موناكو
ميت	جذر	مات;ميت
ميسي	جذر	ماس;ميس
ميل	جذر	ميل;مال
مينوي	جذر	مين
نائب	جذر	نائب
ناجحا	جذر	ناجح
ناحية	جذر	ناحية;ناحي
نادت	جذر	نادى
ناديه	جذر	نادى;نادي
ناصية	جذر	ناصية
نافذة	جذر	نافذة;نافذ
ناقشت	جذر	ناقش
نال	جذر	نال
ناهيك	جذر	ناهي
نبوءة	جذر	نبوءة
نتج	جذر	نتج
نجاح	جذر	نجاح;جاح
نجح	جذر	نجح;جاح
نجحت	جذر	نجح
نجدها	جذر	وجد;أجاد;جاد;نجد;أجدى
نجمه	جذر	أجم;وجم;نجم
نجوم	جذر	نجوم;جام
نحن	جذر	حن;حان;حنا;حنى;ناح;أحنى;نحى;نحن;وحن;نح
نحو	جذر	حوي;نحو;حوى
نحوها	جذر	نحى;نحو;حوى
نزال	جذر	أزال;زال;نزال
نزيف	جذر	نزيف;زيف
نسأل	جذر	سأل
نساء	جذر	ساء;نساء;أساء
نسب	جذر	نسب;سبى;سب
نستعرض	جذر	استعرض
نسخة	جذر	نسخة;نسخ
نسمة	جذر	نسم;نسمة
نسمع	جذر	أسمع;سمع
نشأتها	جذر	نشأ;نشأة
نشر	جذر	نشر;شار;أشار;شرى;شري;شر;وشر;أشرى
نشرات	جذر	نشر;نشرة
نشرت	جذر	نشر
نشره	جذر	نشر;شار;أشار;شرى;شر;شره;وشر;أشرى
نشرها	جذر	نشر;شار;أشار;شرى;شر;وشر;أشرى
نشيد	جذر	أشاد;نشيد;شاد;شيد
نص	جذر	نص
نصر	جذر	صار;صر;أصر;نصر
نصف	جذر	وصف;صاف;صفى;أصفى;نصف;صف;صفا
نصيب	جذر	نصيب;أصاب
نطاق	جذر	أطاق;نطاق;طاق
نظائر	جذر	نظائر
نظر	جذر	ظر;نظر
نظرة	جذر	نظرة;نظر
نعم	جذر	عمى;عام;عمي;نعم;عم;أعمى
نعيشه	جذر	عيش;أعاش
نفس	جذر	نفس;فسا
نفسية	جذر	نفسي;نفس;نفسة;نفسى
نفعهم	جذر	نفع
نفوذه	جذر	نفوذ
نقاش	جذر	نقاش
نقاط	جذر	نقاط
نقطة	جذر	نقطة;نقط
نقل	جذر	قل;قلا;قال;قلى;أقال;نقل
نقلت	جذر	نقل
نكتة	جذر	نكت;نكتة
نملة	جذر	نمل;نملة
نموا	جذر	نما;نم;نمو;نمى
نواحي	جذر	نواح
نوبل	جذر	نابل;وبل
نور	جذر	ورى;وري;أورى;نور
نورية	جذر	نورى;نور
نوع	جذر	وعى;أوعى;نوع
نوعا	جذر	نوع;ناع
نوعيات	جذر	نوعة;نوعي;نوع
نوفمبر	جذر	نوفمبر
نية	جذر	نية
نيجيريا	جذر	نيجيريا;نيجيري
نيسان	جذر	نيسان
نيكولا	جذر	نيكول;نيكولا
نيكولاي	جذر	نيكول;نيكولاي;نيكولا
نيويوركر	جذر	نيويوركر
هؤلاء	جذر	هؤلاء
ها	جذر	ها
هائلة	جذر	هائل
هاربا	جذر	هارب
هاما	جذر	هام
هامدة	جذر	هامد
هانئا	جذر	هانئ
هتلر	جذر	هتلر
هدم	جذر	هدم
هدى	جذر	هدى
هرب	جذر	هرب
هزائم	جذر	هزائم
هزلية	جذر	هزل;هزلى;هزلة
هزمت	جذر	هزم
هكذا	جذر	هكذا
هل	جذر	هال;وهل;هل
هم	جذر	هام;هم;وهم
همام	جذر	همام
هنا	جذر	وهن;هن;هنا
هناك	جذر	هناك
هندا	جذر	هند
هنري	جذر	هنري
هواري	جذر	هوارة
هي	جذر	هي
هيكلها	جذر	هيكل
و	جذر	و
وآليات	جذر	آلة;آلي
وأبيه	جذر	أبي;وأب
وأجبر	جذر	أجبر;جبر
وأدرك	جذر	أدر;أدرى;أدار;دار;أدرك;درك;درى
وأراضيها	جذر	راضى;أراضي
وأزمنة	جذر	أزمنة;أزمن
وأشار	جذر	شار;أشار;شارى
وأصبحت	جذر	أصبح
وأصدقاءهم	جذر	أصدقاء
وأصوله	جذر	صول;أصول
وأضافت	جذر	أضاف
وأضرار	جذر	أضرار
وأكدت	جذر	أكد;أكدى
وألحقت	جذر	ألحق
وألهبت	جذر	ألهب
وألوانه	جذر	ألوان
وأمثالي	جذر	أمثال
وأنباء	جذر	أنباء
وأنتم	جذر	انتمى;أنتم
وأنهار	جذر	انهار;أنهار
وأهله	جذر	هال;أهل
وأوائل	جذر	أوائل
وأوراقه	جذر	أوراق
وأوروبا	جذر	أوروبا
وأيقن	جذر	يقن;أيقن
وإحصائيات	جذر	إحصائي;إحصاء
وإدمان	جذر	إدمان
وإشادة	جذر	إشادة
وائل	جذر	ألي
واتخاذ	جذر	اتخاذ
واحتيال	جذر	احتيال
واحد	جذر	حدي;واحد;حدا
وادي	جذر	واد
واستجداء	جذر	استجداء
واستعدادهم	جذر	استعداد
واضح	جذر	واضح;ضحا;ضحي
وافتتاح	جذر	افتتاح
وافق	جذر	وافق;فقا
واقعية	جذر	واقع;واقعة;واقعي;واقعية
واقعيين	جذر	واقعي
والأحياء	جذر	أحياء
والأذى	جذر	أذى
والأردن	جذر	أردن
والأعلام	جذر	أعلام
والأهازيج	جذر	أهازيج
والإمكانات	جذر	إمكان
والاستماع	جذر	استماع
والاغتراب	جذر	اغتراب
والالتزام	جذر	التزام
والبحرين	جذر	بحرين;بحر
والبديهيات	جذر	بديهي;بديهة;بديه
والبيروقراطية	جذر	بيروقراطي;بيروقراطية
والتخويف	جذر	تخويف
والتشبيهات	جذر	تشبيه
والتغليف	جذر	تغليف
والتقديم	جذر	تقديم
والتقلبات	جذر	تقلب
والتكهنات	جذر	تكهن
والثقافي	جذر	ثقافة;ثقافي;ثقاف
والجغرافيا	جذر	جغرافيا;جغرافي
والجلفة	جذر	جلف;جلفة
والجمال	جذر	جمال
والجوعى	جذر	جوعى
والحزن	جذر	حزن
والحقل	جذر	حقل
والخطب	جذر	خطب
والدمار	جذر	دمار
والصراخ	جذر	صراخ
والعتاد	جذر	عتاد
والعدوة	جذر	عدوة;عدو
والعنصرية	جذر	عنصرية;عنصر;عنصري
والغاز	جذر	غاز
والغرابة	جذر	غراب
والفعالة	جذر	فعال
والفلسفية	جذر	فلسفة;فلسفي
والفني	جذر	والف;فن
والقارية	جذر	قارية;قار;قارة;قاري
والقذارة	جذر	قذارة
والقسمة	جذر	قسم;قسمة
والقضاة	جذر	قضاة
والقنصليات	جذر	قنصلية;قنصل
والقهر	جذر	قهر
والمبادلات	جذر	مبادل;مبادلة
والمتسببين	جذر	متسبب
والمتعجرف	جذر	متعجرف
والمجاعات	جذر	مجاعة
والمجرات	جذر	مجرة
والمحراث	جذر	محراث
والمحصن	جذر	محصن
والمصائب	جذر	مصائب
والمعدمين	جذر	معدم
والمفكر	جذر	مفكر
والمكسيك	جذر	مكسيك
والملجأ	جذر	ملجأ
والممتلكات	جذر	ممتلك
والمنشآت	جذر	منشآت;منشأ;منشأة
والهرسك	جذر	هرسك
والهزل	جذر	هزل
والهياكل	جذر	هياكل
والوعيد	جذر	وعيد
والوهابية	جذر	وهاب;وهابي;وهابية
واليمن	جذر	يمن
واندمج	جذر	اندمج
وانعدام	جذر	انعدام
وبالأخص	جذر	أخص
وبالاستعانة	جذر	استعانة
وبراعتهم	جذر	براع;براعة
وبرهان	جذر	برهان;رهان
وبقية	جذر	بق;بقية
وبيئيا	جذر	وبيء
وبيداي	جذر	بيد
وتبعيتك	جذر	تبعة
وتتسابق	جذر	تسابق
وتتصاعد	جذر	تصاعد
وتجنيبهم	جذر	تجنيب
وتحس	جذر	حس;تحسي;تحسى;حسى;حسا;أحس
وتحققت	جذر	تحقق
وتختلف	جذر	اختلف
وتخفت	جذر	خفت;تخفى
وتدمير	جذر	تدمير
وتذاكر	جذر	تذاكر;ذاكر
وترجمة	جذر	ترجمة
وترحيبهم	جذر	ترحيب
وترنيمة	جذر	ترنيم;ترنيمة
وترينيداد	جذر	ترينيداد
وتزاحم	جذر	زاحم;تزاحم
وتساءلت	جذر	تساءل
وتسعد	جذر	سعد;أسعد
وتسوق	جذر	سوق;ساق;تسوق
وتصفحون	جذر	صفح
وتصفيتها	جذر	تصفية
وتضيف	جذر	ضيف;أضاف;ضاف
وتكبرون	جذر	كبر;أكبر
وتكره	جذر	أكرى;كرى;وكر;كره;كرا;أكره;تكره;كر
وتلاعب	جذر	تلاعب;لاعب
وتلاوة	جذر	تلاوة
وتلك	جذر	لاك;تلى;لك;تلك;تل;لكي
وتمرداتها	جذر	تمرد
وتمسك	جذر	تمسك;أمسك;ماس;أمسى;مسك;مسى;أمس;مس
وتمييزا	جذر	تمييز
وتنبغي	جذر	نبغ;انبغى
وتنتمي	جذر	انتمى;وتن
وتنشر	جذر	نشر;تنشر;أنشر
وتيرة	جذر	وتيرة
وثقتها	جذر	وثق;ثقة;وثقة
وثمانين	جذر	ثماني
وثيقة	جذر	وثيق
وجدتها	جذر	وجد;جد;جدة;وجدة;جاد
وجسارة	جذر	جسارة;جسار
وجهاته	جذر	وجه;جهة;وجهة
وجوب	جذر	وجوب;جوب
وجود	جذر	جود;وجود
وجودا	جذر	جود;جاد;وجود
وجوه	جذر	جو;وجوه
وحدة	جذر	حدة;وحد;حد;وحدة
وحدك	جذر	حد;وحد
وحشمتهن	جذر	حشمة;حشم
وحكايات	جذر	حكاية
وحلب	جذر	حلب
وحماقات	جذر	حماق;حماقة
وحواسيب	جذر	حواسيب
وحولها	جذر	حول;وحول
وحيا	جذر	حيا;وحى;وحي;حي
وحيدا	جذر	وحيد;حيد;حاد
وخجولا	جذر	خجول
وخطاياي	جذر	خطايا
ودارجين	جذر	دارج
وداعية	جذر	وداعة;وداع;داعي
ودست	جذر	دسى;دست;دس;دسا;داس
ودمشق	جذر	دمشق
ودية	جذر	ودي;ود;دية
وذكي	جذر	ذكي;ذكى;ذكا
ورجة	جذر	رج;رجة
وردة	جذر	وردة;رد;ردة;ورد
ورشات	جذر	ورشة;ورش;رش
ورطة	جذر	ورطة
ورقة	جذر	رقة;ورق;رق;ورقة
ورمي	جذر	رمى;رمة;رمي;رم;ورم
وزملاءه	جذر	زملاء
وزو	جذر	وز;وزو
وزير	جذر	زار;زير;وزير
وزيرة	جذر	وزير;زيرة;زير
وسائل	جذر	ساءل;سائل;وسائل
وسادته	جذر	وساد;سادة;وسادة;ساد
وسذاجة	جذر	سذاج;سذاجة
وسرعان	جذر	سرع;سرعان
وسط	جذر	وسط;ساط
وسلوكياته	جذر	سلوك
وسم	جذر	سام;سمى;سم;وسم
وسيطة	جذر	وسيط
وشاحه	جذر	وشاح;شاح
وشتم	جذر	شتم
وشلف	جذر	شلف
وصادم	جذر	صادم
وصايا	جذر	وصايا
وصغار	جذر	صغار
وصف	جذر	صفى;صاف;صف;وصف
وصفتها	جذر	صفة;وصف;صاف;صفى;صف;صفا;وصفة
وصل	جذر	وصل;صل;صلى;صال
وصلت	جذر	صلت;صل;صلى;وصل;صال
وصول	جذر	صول;وصول
وصولا	جذر	صول;وصول;صال
وصيانة	جذر	صيانة
وصية	جذر	وصية;وصي
وضحك	جذر	وضح;ضحك;ضحى
وضحكات	جذر	ضحك;ضحكة
وضحية	جذر	ضحية;وضحة;وضحى;وضح;ضحى
وضع	جذر	وضع;ضاع
وضعاف	جذر	ضعاف
وضوح	جذر	وضوح
وطأة	جذر	وطأة
وطأتها	جذر	وطأ;وطأة
وطقسها	جذر	طقس
وطقوسهم	جذر	طقوس
وطن	جذر	وطن;طن;طان;وط
وطني	جذر	وطن;طن;وطني
وطنية	جذر	وطن;طن;وطنية;وطني
وطنيين	جذر	وطني
وظائف	جذر	وظائف
وظيفتها	جذر	وظيفة;وظيف
وعجرفة	جذر	عجرفة
وعدة	جذر	عد;عدة;وعد
وعشق	جذر	عشق
وعليه	جذر	وعل;علة;علي;عل;على
وعن	جذر	وعى;عان;عنى;عن
وغربة	جذر	غربة;غرب
وغطائها	جذر	غطاء
وغفران	جذر	غفران;غفر
وفد	جذر	فدى;وفد
وفرت	جذر	فر;وفر;فرى;فار;فرت
وفورة	جذر	فور;وفور;فورة
وفي	جذر	وفى;وفي;في
وقارهن	جذر	قار;وقار
وقت	جذر	قات;وقى;قت;وقت
وقرمان	جذر	قرم
وقطاع	جذر	قطاع
وقعت	جذر	قاع;وقع
وقف	جذر	قاف;وقف;قف;قفى
وقوع	جذر	وقوع
وكالة	جذر	وكال;كال;وكالة
وكردستان	جذر	كردس;كردستان
وكنت	جذر	كنى;وكن;كن;كان
وكندا	جذر	ندا;كندا
وكيل	جذر	وكيل;كال;كيل
وكيلها	جذر	وكيل;كيل
ولأجدن	جذر	وجد;جد;أجاد
ولدي	جذر	ولد;لد;ولدة
ولغاتها	جذر	لغة;لغا
ولكي	جذر	كي;لكي;لك
ولها	جذر	وله;لها;ولى
ولوجوه	جذر	لاج;وجوه
وليمة	جذر	يم;وليمة
وليونيل	جذر	ليونيل
ومؤيديه	جذر	مؤيد
وماكماهون	جذر	ماكماهون
ومثلما	جذر	مثلما
ومداشرها	جذر	مداشر
ومرافعاته	جذر	مرافع;مرافعة
ومسارعة	جذر	مسارع;مسارعة
ومسالكها	جذر	مسالك
ومعارك	جذر	معار;معارك
ومغنين	جذر	مغني
ومقدرة	جذر	مقدر;مقدرة
ومكة	جذر	مكة
ومناجلنا	جذر	مناجل
ومنقسمة	جذر	منقسم
وميلان	جذر	ميل;ميلان
وندوات	جذر	ندوة
ونصرة	جذر	نصرة;نصر
ونفي	جذر	نفي;وفى;نفى;نف
ونيل	جذر	نال;يل;نيل
وهناك	جذر	وهن;هناك
وهي	جذر	وهي;هي
ووحده	جذر	وحد
ووديانها	جذر	وديان
ووصفها	جذر	وصف
ووصل	جذر	وصل;واصل
ووقع	جذر	واقع;وقع
ووقف	جذر	واقف;وقف
وولف	جذر	والف;ولف
ويؤثر	جذر	أثر;آثر
ويؤكد	جذر	أكد;آكد
ويا	جذر	وي;يا
ويبلغ	جذر	أبلغ;بلغ
ويتأسفون	جذر	تأسف
ويتذمرون	جذر	تذمر
ويجد	جذر	وجد;جد;أجاد;جاد;أجدى
ويجري	جذر	جرى;أجرى
ويحكم	جذر	حكم;أحكم
ويحيي	جذر	أحيا;حيا
ويخرجوا	جذر	أخرج;خرج
ويربك	جذر	أراب;أربك;أربى;ربك;ربا;رب;ربى
ويرجع	جذر	أرجع;رجع
ويري	جذر	ورى;أرى
ويزور	جذر	زور;زار;ازور
ويطمئن	جذر	طمأن;اطمأن
ويقال	جذر	أقال;قال
ويمكن	جذر	مكا;مكن;يم;مك;أمكن
وينبغي	جذر	انبغى
ويوجد	جذر	وجد;أوجد
ويوحي	جذر	أوحى
ويومياتها	جذر	يومية;يوميات;يومي;يوم
يؤلفون	جذر	آلف;ألف
يا	جذر	يا
يبدي	جذر	أبدى
يبرز	جذر	أبرز;برز
يبلي	جذر	أبلى
يتاجر	جذر	تاجر
يتبادلها	جذر	تبادل
يتجسد	جذر	تجسد
يتجسس	جذر	تجسس
يتجول	جذر	تجول
يتحدى	جذر	تحدى
يتحكم	جذر	أتاح;تحكم
يتخصص	جذر	تخصص
يتردد	جذر	تردد
يتزايد	جذر	تزايد
يتصف	جذر	اتصف
يتضخم	جذر	تضخم
يتعلق	جذر	تعلق
يتعلم	جذر	تعلم
يتغيبا	جذر	تغيب
يتفهمون	جذر	تفهم
يتقن	جذر	اتقى;تاق;أتقن
يتناسى	جذر	تناسى
يتنكر	جذر	تنكر
يتهكمون	جذر	تهكم
يتوج	جذر	توج
يتورع	جذر	تورع
يتوسط	جذر	توسط
يجب	جذر	جاب;أجاب;جبى;جب;وجب
يجدها	جذر	وجد;أجاد;جاد;أجدى
يجدون	جذر	وجد;جد;أجدى
يجوز	جذر	جاز;جوز
يحافظ	جذر	حافظ
يحتجز	جذر	احتجز
يحترفون	جذر	احترف
يحسم	جذر	حسم
يحقق	جذر	أحق;حقق;حق
يحمونهم	جذر	حم;حمى;أحمى
يحيا	جذر	أحيا;حيا;وحى;حيي;حي
يخشون	جذر	خشى;خشي;خش
يد	جذر	يد
يدخل	جذر	أدخل;دخل
يدر	جذر	أدر;أدرى;أدار;دار;در;درى
يدركه	جذر	أدرك
يدعون	جذر	دعا;ادعى;دع;ودع
يدل	جذر	دل;أدلى;دلى;دلي;دال;دلا
يده	جذر	وده;يد;دهى;دهي;داه;دها
يدها	جذر	وده;يد
يدوي	جذر	دوى;يدوي
يديك	جذر	يد;ودى
يدين	جذر	ودى;دين;يد;يدى;يدي;أدان
يراها	جذر	راءى;رأى
يرتبطون	جذر	ارتبط
يرتقي	جذر	ارتقى
يرجح	جذر	رجح;أرجح
يرد	جذر	أراد;راد;رد;ورد;أردى;ردي;ردى
يركز	جذر	ركز
يرون	جذر	راءى;روى;رأى;أروى;أرى
يزورونها	جذر	زور;زار
يزيد	جذر	زيد;زاد
يساعد	جذر	ساعد
يستقيل	جذر	استقال
يستلزم	جذر	استلزم
يستولي	جذر	استولى
يسجن	جذر	أسجى;سجن;سجا;سجى;سج
يسري	جذر	أسرى;سرى;يسر;يسرة
يسيطر	جذر	سيطر
يسيل	جذر	أسال;سال;سيل
يشتبه	جذر	اشتبه
يشتهون	جذر	اشتهى
يشقى	جذر	أشقى;شقي
يشكل	جذر	شكل;أشكل
يشهد	جذر	أشهد;شهد
يصب	جذر	صبا;صاب;وصب;صبي;صب;أصاب
يصدر	جذر	صدر;أصدر
يصنفه	جذر	صنف
يضرب	جذر	أضرب;ضرب
يضيء	جذر	أضاء
يعاقب	جذر	عاقب
يعتذر	جذر	اعتذر
يعجب	جذر	أعجب;عجب
يعد	جذر	عدى;عد;عاد;أعاد;وعد;عدا;أعد
يعيد	جذر	أعاد;عيد
يغريهم	جذر	أغرى;يغر;غرى
يغضبون	جذر	أغضب;غضب
يغنيها	جذر	أغنى;غنى
يغيب	جذر	غاب;غيب
يفتي	جذر	أفتى
يفجر	جذر	أفجر;فجر
يفدي	جذر	أفدى;فدى
يفقد	جذر	أفقد;فقد
يفكرون	جذر	فكر;أفكر
يقاطعون	جذر	قاطع
يقتسم	جذر	اقتسم
يقتنص	جذر	اقتنص
يقسمون	جذر	قسم;أقسم
يقع	جذر	قاع;وقع;أقعى
يقف	جذر	قاف;قف;وقف;أقفى;قفا;قفى
يقلب	جذر	أقلب;قلب
يقيم	جذر	قيم;أقام
يقين	جذر	يقين;قين;وقى;قان
يكررون	جذر	كرر
يكفي	جذر	كفى
يلقى	جذر	لقى;ألقى;لقي;لقا
يمرون	جذر	مر;أمر
يمس	جذر	ماس;أمسى;أمس;مسى;مس
يمسك	جذر	أمسك;ماس;أمسى;مسك;مس;أمس;مسى
يمشي	جذر	مشى;أمشى
يمكننا	جذر	مكن;مكنن;مك;أمكن
يملك	جذر	ملك;أمل;أملك;مل;أملى;أمال;مال
يملي	جذر	أملى
ينافس	جذر	نافس
ينام	جذر	نام;أنام
يناير	جذر	يناير
ينبس	جذر	نبس
ينحدر	جذر	انحدر
ينذر	جذر	أنذر;نذر
ينساها	جذر	نسي;نس
ينشدون	جذر	أنشد;نشد
ينشرون	جذر	نشر;أنشر
ينص	جذر	نصا;نص
ينظر	جذر	أنظر;نظر
ينظف	جذر	نظف
ينقص	جذر	انقص;أنقص;نقص
ينقصها	جذر	أنقص;نقص
ينهضون	جذر	نهض;أنهض
ينوي	جذر	أنوى;نوى
يهتم	جذر	هتم;اهتم
يهدد	جذر	هد;هدد
يهدرونه	جذر	أهدر;هدر
يهز	جذر	هز
يواسي	جذر	واسى
يوحشنا	جذر	أوحش
يودي	جذر	أودى;يود
يورثون	جذر	أورث;ورث
يوظف	جذر	وظف
يوفر	جذر	وفر;أوفر
يوفق	جذر	أوفق;وفق
يولد	جذر	ولد;أولد
يوليو	جذر	يولي;يوليو
يومي	جذر	يومي;يوم
يونايتد	جذر	يونايتد
يونيو	جذر	يونيو
