word	root	stem	root_kb
الشبكية	شبك	الشبكية	شبك
الحاسوبي	حسب	الحاسوبي	حسب
إسمعي	سمع	إسمعي	سمع
والتقنيات	تقن	والتقنيات	تقن
والناقل	نقل	والناقل	نقل
والساجدتان	سجد	والساجدتان	سجد
متأخرتان	ءخر	متأخرتان	ءخر
السماعتان	سمع	السماعتان	سمع
لتأهيل	ءهل	لتأهيل	ءهل
الخفيفية	خفف	الخفيفية	خفف
مختصون	خصص	مختصون	خصص
مذكرة	ذكر	مذكرة	ذكر
اتخاذ	ءخذ	اتخاذ	ءخذ
إعلم	علم	إعلم	علم
إلهامهن	لهم	إلهامهن	لهم
أذواقهن	ذوق	أذواقهن	ذوق
والصناعية	صنع	والصناعية	صنع
الضجة	ضجج	الضجة	ضجج
بمحدودية	حدد	بمحدودية	حدد
الضياع	ضيع	الضياع	ضيع
المسائلات	سءل	المسائلات	سءل
احتجزتهن	حجز	احتجزتهن	حجز
تفاحه	تفح	تفاحه	تفح
مشتري	شري	مشتري	شري
الصحافية	صحف	الصحافية	صحف
الأخوة	خوي	الأخوة	خوي
إسمعا	سمع	إسمعا	سمع
حفركن	حفر	حفركن	حفر
مصتحبين	صحب	مصتحبين	صحب
والتدريس	درس	والتدريس	درس
معزز	عزز	معزز	عزز
اخاء	ءخو	اخاء	ءخو
والمحرك	حرك	والمحرك	حرك
إفتح	فتح	إفتح	فتح
المتوقعة	وقع	المتوقعة	وقع
المفتشين	فتش	المفتشين	فتش
والترتيب	رتب	والترتيب	رتب
والتدريب	درب	والتدريب	درب
متحسنة	حسن	متحسنة	حسن
بالتزامن	زمن	بالتزامن	زمن
للسلطة	سلط	للسلطة	سلط
أجهزتهن	جهز	أجهزتهن	جهز
احتفالية	حفل	احتفالية	حفل
الشرعيان	شرع	الشرعيان	شرع
للسيارات	سير	للسيارات	سير
الذماء	ذمي	الذماء	ذمي
إنخراط	خرط	إنخراط	خرط
دقوان	دقو	دقوان	دقو
سيستمرون	سمر	سيستمرون	سمر
الدائرة	دور	الدائرة	دور
والإستثمار	ثمر	والإستثمار	ثمر
والحفار	حفر	والحفار	حفر
واستحقاقاتهن	حقق	واستحقاقاتهن	حقق
فاراد	رود	فاراد	رود
والمتمثل	مثل	والمتمثل	مثل
ممول	مول	ممول	مول
والكاميرا	كمر	والكاميرا	كمر
يذكرنهن	ذكر	يذكرنهن	ذكر
المفرج	فرج	المفرج	فرج
فاعليتها	فعل	فاعليتها	فعل
والسماعتين	سمع	والسماعتين	سمع
التجارب	جرب	التجارب	جرب
التجارة	تجر	التجارة	تجر
السياسيات	سوس;سود	السياسيات	سوس;سود
كراهيتهن	كره	كراهيتهن	كره
سعالهن	سعل	سعالهن	سعل
يرسلونهن	رسل	يرسلونهن	رسل
والسعودية	سعد	والسعودية	سعد
المشغلون	شغل	المشغلون	شغل
والراحل	رحل	والراحل	رحل
واجتماعية	جمع	واجتماعية	جمع
المنشقين	نشق	المنشقين	نشق
اطباء	طب	اطباء	طب
تصممان	صمم	تصممان	صمم
تسأللان	سءل	تسأللان	سءل
الساسة	سود	الساسة	سود
المتعددة	عدد	المتعددة	عدد
خلاق	خلق	خلاق	خلق
والمجرات	جري	والمجرات	جري
الناطقين	نطق	الناطقين	نطق
والمحركين	حرك	والمحركين	حرك
بالشراكة	شرك	بالشراكة	شرك
وتأهيل	ءهل	وتأهيل	ءهل
وبالتأكيد	ءكد	وبالتأكيد	ءكد
إستكفاه	كفي	إستكفاه	كفي
التوترات	وتر	التوترات	وتر
بالتنبيه	نبه	بالتنبيه	نبه
الراجعات	رجع	الراجعات	رجع
المدونون	دون	المدونون	دون
تجيهزات	جهز	تجيهزات	جهز
ميغاهرتز		ميغاهرتز	
نمامون	نمم	نمامون	نمم
إستراح	سرح	إستراح	سرح
الصفقتين	صفق	الصفقتين	صفق
والتشابك	شبك	والتشابك	شبك
إستخدامهم	خدم	إستخدامهم	خدم
بالطريقة	طرق	بالطريقة	طرق
الانتقامية	نقم	الانتقامية	نقم
إنقسم	قسم	إنقسم	قسم
الدلالة	دلل	الدلالة	دلل
وقانونية	قنن	وقانونية	قنن
تحدثت	حدث	تحدثت	حدث
والتفاصيل	فصل	والتفاصيل	فصل
إستقامة	قوم	إستقامة	قوم
الشخصية	شخص	الشخصية	شخص
خواطرهن	خطر	خواطرهن	خطر
والادعاء	دعي	والادعاء	دعي
إستجوابات	جوب	إستجوابات	جوب
بالسياحة	سيح	بالسياحة	سيح
والتجني	جني	والتجني	جني
إنعكاسات	عكس	إنعكاسات	عكس
والتوثيق	وثق	والتوثيق	وثق
بالاضافه	ضيف	بالاضافه	ضيف
أماناتهن	ءمن	أماناتهن	ءمن
بالثامنة	ثمن	بالثامنة	ثمن
والتعبيرات	عبر	والتعبيرات	عبر
إكتساب	كسب	إكتساب	كسب
والنجاحات	نجح	والنجاحات	نجح
متردية	ردي	متردية	ردي
الشجعان	شجع	الشجعان	شجع
امان	ءمن	امان	ءمن
النحنحة	نحح	النحنحة	نحح
والعاطفي	عطف	والعاطفي	عطف
الساجدتين	سجد	الساجدتين	سجد
والإحتكاريون	حكر	والإحتكاريون	حكر
اوقات	وقت	اوقات	وقت
الساجدتان	سجد	الساجدتان	سجد
إيضاحات	وضح	إيضاحات	وضح
الإنطباعية	طبع	الإنطباعية	طبع
والتصنيع	صنع	والتصنيع	صنع
مداخلتهن	دخل	مداخلتهن	دخل
للموزعين	وزع	للموزعين	وزع
السكوت	سكت	السكوت	سكت
صباغتهن	صبغ	صباغتهن	صبغ
بالتفاؤل	فءل	بالتفاؤل	فءل
علوهن	علي	علوهن	علي
والعالمية	علم	والعالمية	علم
الداماء	دم	الداماء	دم
اغرنداء	غرند	اغرنداء	غرند
سترجعوهم	رجع	سترجعوهم	رجع
والاستيطانية	وطن	والاستيطانية	وطن
والمستنفذة	نفذ	والمستنفذة	نفذ
وللمعلوماتية	علم	وللمعلوماتية	علم
المعرفية	عرف	المعرفية	عرف
مستقلون	قلل	مستقلون	قلل
إعلمن	علم	إعلمن	علم
موفع	يفع	موفع	يفع
إعلمي	علم	إعلمي	علم
الساجدون	سجد	الساجدون	سجد
الصباغات	صبغ	الصباغات	صبغ
التنسيقات	نسق	التنسيقات	نسق
إفتتحن	فتح	إفتتحن	فتح
وسيلتهن	سيل	وسيلتهن	سيل
والراجعات	رجع	والراجعات	رجع
والتداول	دول	والتداول	دول
إمنعهن	منع	إمنعهن	منع
إقتصادياتهن	قصد	إقتصادياتهن	قصد
إيجاد	وجد	إيجاد	وجد
الجامعية	جمع	الجامعية	جمع
المؤسسات	ءسس	المؤسسات	ءسس
المسجلين	سجل	المسجلين	سجل
القابلية	قبل	القابلية	قبل
متخصصتان	خصص	متخصصتان	خصص
الحفارة	حفر	الحفارة	حفر
المجلتان	جلل	المجلتان	جلل
مسترخون	رخي	مسترخون	رخي
والصناعة	صنع	والصناعة	صنع
إعلموا	علم	إعلموا	علم
التوقعات	وقع	التوقعات	وقع
متوقع	وقع	متوقع	وقع
الوقائية	وقئ	الوقائية	وقئ
فاستدل	دلل	فاستدل	دلل
فالقى	لقي	فالقى	لقي
الدوحة	دوح	الدوحة	دوح
إعلما	علم	إعلما	علم
انتخى	نخو	انتخى	نخو
المنزلية	نزل	المنزلية	نزل
النقرات	نقر	النقرات	نقر
أنقلهن	نقل	أنقلهن	نقل
إستئناف	ءنف	إستئناف	ءنف
بالتعاملات	عمل	بالتعاملات	عمل
مصافي	صفي	مصافي	صفي
مصائر	صير	مصائر	صير
للتقارير	قرر	للتقارير	قرر
ساستخدم	خدم	ساستخدم	خدم
استهلوا	سهل	استهلوا	سهل
المجوسية	مجس	المجوسية	مجس
مدقق	دقق	مدقق	دقق
والإنكسارات	كسر	والإنكسارات	كسر
الذمامة	ذم	الذمامة	ذم
المحتجون	حجج	المحتجون	حجج
مدققون	دقق	مدققون	دقق
الاستغلالي	غلل	الاستغلالي	غلل
معماريون	عمر	معماريون	عمر
والمانيا		والمانيا	
الصناديق	صندق	الصناديق	صندق
الفى	لفي	الفى	لفي
والتقييم	قيم	والتقييم	قيم
إبتهاجا	بهج	إبتهاجا	بهج
متوكلات	وكل	متوكلات	وكل
والتربوي	ربو	والتربوي	ربو
والراجعة	رجع	والراجعة	رجع
والمدرسين	درس	والمدرسين	درس
استحلفكن	حلف	استحلفكن	حلف
منشقات	شقق	منشقات	شقق
الصعوبات	صعب	الصعوبات	صعب
الصباغين	صبغ	الصباغين	صبغ
ومحركوها	حرك	ومحركوها	حرك
والمسؤولية	سءل	والمسؤولية	سءل
الجماعية	جمع	الجماعية	جمع
المحللات	حلل	المحللات	حلل
الساعتين	سعي	الساعتين	سعي
اضاف	ضيف	اضاف	ضيف
رجوعكن	رجع	رجوعكن	رجع
التوصيات	وصي	التوصيات	وصي
لعبتيهما	لعب	لعبتيهما	لعب
الذاهبين	ذهب	الذاهبين	ذهب
الذاهبات	ذهب	الذاهبات	ذهب
الصناعات	صنع	الصناعات	صنع
الانتخابية	نخب	الانتخابية	نخب
متطرفات	طرف	متطرفات	طرف
الذرية	ذرء	الذرية	ذرء
والضرائب	ضرب	والضرائب	ضرب
والمتعلقة	علق	والمتعلقة	علق
مزال	زول	مزال	زول
الفولاني	فول	الفولاني	فول
بالاعلان	علن	بالاعلان	علن
للمعلوماتية	علم	للمعلوماتية	علم
الشلة	شلل	الشلة	شلل
التنموية	نمو	التنموية	نمو
سيتحركوا	حرك	سيتحركوا	حرك
الفائزين	فوز	الفائزين	فوز
والانعزالية	عزل	والانعزالية	عزل
مزاء	مزز	مزاء	مزز
والتكهنات	كهن	والتكهنات	كهن
الصراعات	صرع	الصراعات	صرع
المحللان	حلل	المحللان	حلل
الرسول	رسل	الرسول	رسل
مخفي	خفي	مخفي	خفي
فالطريقة	طرق	فالطريقة	طرق
مصاص	مصص	مصاص	مصص
ألوانهن	لون	ألوانهن	لون
الذاهبان	ذهب	الذاهبان	ذهب
بالعربية	عرب	بالعربية	عرب
الائتمانية	نمو	الائتمانية	نمو
سيتم	تمم	سيتم	تمم
والاعمال	عمل	والاعمال	عمل
بلاغتهن	بلغ	بلاغتهن	بلغ
والتجارب	جرب	والتجارب	جرب
إعترفن	عرف	إعترفن	عرف
متسق	وسق	متسق	وسق
يحللون	حلل	يحللون	حلل
إستخدام	خدم	إستخدام	خدم
التجارية	تجر	التجارية	تجر
بامكانها	مكن	بامكانها	مكن
وصفى	وصف	وصفى	وصف
مسائلات	سءل	مسائلات	سءل
والرصانة	رصن	والرصانة	رصن
صباغون	صبغ	صباغون	صبغ
تخندقات	خندق	تخندقات	خندق
مصوتون	صوت	مصوتون	صوت
دوواوينهن	دون	دوواوينهن	دون
فيسوي	سوي	فيسوي	سوي
الابتدائية	بدء	الابتدائية	بدء
النويم	نوم	النويم	نوم
ممرات	مرر	ممرات	مرر
الشركتين	شرك	الشركتين	شرك
السياسات	سيس	السياسات	سيس
والمتوقع	وقع	والمتوقع	وقع
والساجدتين	سجد	والساجدتين	سجد
أوامرهن	ءمر	أوامرهن	ءمر
بالرسائل	رسل	بالرسائل	رسل
الحديدية	حدد	الحديدية	حدد
التسريبات	سرب	التسريبات	سرب
الدنئ	دنئ	الدنئ	دنئ
وأهميتها	همم	وأهميتها	همم
ميجابكسل		ميجابكسل	
إسئلي	سءل	إسئلي	سءل
مصتحبون	صحب	مصتحبون	صحب
تحليلاتهن	حلل	تحليلاتهن	حلل
الدبابات	دبب	الدبابات	دبب
التصوير	صور	التصوير	صور
استخدامهن	خدم	استخدامهن	خدم
الإنعكاسات	عكس	الإنعكاسات	عكس
والرسائل	رسل	والرسائل	رسل
مذكر	ذكر	مذكر	ذكر
العوايشة	عيش	العوايشة	عيش
باحدث	حدث	باحدث	حدث
التصويت	صوت	التصويت	صوت
الملكية	ملك	الملكية	ملك
محركان	حرك	محركان	حرك
التوحد	وحد	التوحد	وحد
جثامين	جثم	جثامين	جثم
والدارسات	درس	والدارسات	درس
الغسلج	غسلج	الغسلج	غسلج
بالتعامل	عمل	بالتعامل	عمل
ملكيتهما	ملك	ملكيتهما	ملك
ظمان	ظمء	ظمان	ظمء
احتياطية	حوط	احتياطية	حوط
والدولية	دول	والدولية	دول
لبطاريات		لبطاريات	
التصاميم	صمم	التصاميم	صمم
لغتهن	لغة	لغتهن	لغة
والمحركون	حرك	والمحركون	حرك
غيبوب	غيب	غيبوب	غيب
مبتلئ	بلي	مبتلئ	بلي
عرباتهن	عرب	عرباتهن	عرب
والتصميم	صمم	والتصميم	صمم
المحللون	حلل	المحللون	حلل
محركات	حرك	محركات	حرك
اليآسة	يئس	اليآسة	يئس
التثبيت	ثبت	التثبيت	ثبت
الراجعين	رجع	الراجعين	رجع
والتغطيه	غطي	والتغطيه	غطي
للمدونات	دون	للمدونات	دون
والمتطرفين	طرف	والمتطرفين	طرف
معيشا	عيش	معيشا	عيش
روابطكن	ربط	روابطكن	ربط
المختصين	خصص	المختصين	خصص
السريرية	سرر	السريرية	سرر
محللات	حلل	محللات	حلل
الصباحية	صبح	الصباحية	صبح
والصائغة	صوغ	والصائغة	صوغ
لمتتبعين	تبع	لمتتبعين	تبع
محللان	حلل	محللان	حلل
والتعاطي	عطي	والتعاطي	عطي
إستمعا	سمع	إستمعا	سمع
التحتية	تحت	التحتية	تحت
والصاغة	صوغ	والصاغة	صوغ
مسابقتهن	سبق	مسابقتهن	سبق
والناقلين	نقل	والناقلين	نقل
والتنفيذية	نفذ	والتنفيذية	نفذ
دخولهن	دخل	دخولهن	دخل
الثنائية	ثنء	الثنائية	ثنء
التفاصيل	فصل	التفاصيل	فصل
الدولتين	دول	الدولتين	دول
الدعاء	دعو	الدعاء	دعو
والنمطية	نمط	والنمطية	نمط
إقسموا	قسم	إقسموا	قسم
تقنياتها	قني	تقنياتها	قني
منان	منن	منان	منن
سيربحون	ربح	سيربحون	ربح
القى	لقي	القى	لقي
والتفاعل	فعل	والتفاعل	فعل
وتشفيرها	شفر	وتشفيرها	شفر
الإئتمان	ءمن	الإئتمان	ءمن
تأخرن	ءخر	تأخرن	ءخر
التراب	ترب	التراب	ترب
الناقلات	نقل	الناقلات	نقل
والروابط	ربط	والروابط	ربط
المهنية	مهن	المهنية	مهن
متيبس	يبس	متيبس	يبس
والرابطان	ربط	والرابطان	ربط
مكتوي	كوي	مكتوي	كوي
أستغلوا	غل	أستغلوا	غل
التأشيرة	شير	التأشيرة	شير
سالكوا	سلك	سالكوا	سلك
المؤثرات	ءثر	المؤثرات	ءثر
المتطورة	طور	المتطورة	طور
النابغين	نبغ	النابغين	نبغ
بمواصفات	وصف	بمواصفات	وصف
المطورين	طور	المطورين	طور
الصحابيون	صحب	الصحابيون	صحب
ادباء	ءدب	ادباء	ءدب
تأخرت	ءخر	تأخرت	ءخر
استغاثهن	غوث	استغاثهن	غوث
مجرب	جرب	مجرب	جرب
الناقلتان	نقل	الناقلتان	نقل
والتقارير	قرر	والتقارير	قرر
الافتراضية	فرض	الافتراضية	فرض
الراجع	رجع	الراجع	رجع
الناقلان	نقل	الناقلان	نقل
والاخبار	خبر	والاخبار	خبر
والعمال	عمل	والعمال	عمل
الصائغات	صوغ	الصائغات	صوغ
مصتحبات	صحب	مصتحبات	صحب
بالسهولة	سهل	بالسهولة	سهل
احترازية	حرز	احترازية	حرز
قحربة	قحرب	قحربة	قحرب
والأجنبية	جنب	والأجنبية	جنب
والرابط	ربط	والرابط	ربط
مصتحب	صحب	مصتحب	صحب
اكرومة	كرم	اكرومة	كرم
البثاء	بني	البثاء	بني
النداء	ندو	النداء	ندو
المسوحات	سوح	المسوحات	سوح
يربحون	ربح	يربحون	ربح
الاستشارية	شور	الاستشارية	شور
بالاتصال	وصل	بالاتصال	وصل
المحللين	حلل	المحللين	حلل
اصطحبهن	صحب	اصطحبهن	صحب
التاريخيون	ءرخ	التاريخيون	ءرخ
ربحكن	ربح	ربحكن	ربح
الراغبين	رغب	الراغبين	رغب
والثغرات	ثغر	والثغرات	ثغر
الرابطة	ربط	الرابطة	ربط
وتأهيلهن	ءهل	وتأهيلهن	ءهل
وتأهيلهم	ءهل	وتأهيلهم	ءهل
بأمكانية	مكن	بأمكانية	مكن
البطارية		البطارية	
المصممون	صمم	المصممون	صمم
الاجمالي	جمل	الاجمالي	جمل
تربح	ربح	تربح	ربح
المقننين	قنن	المقننين	قنن
والمؤلفين	ءلف	والمؤلفين	ءلف
إستغلتها	غلل	إستغلتها	غلل
الرسوميه	رسم	الرسوميه	رسم
بالتجانس	جنس	بالتجانس	جنس
بالافتراضية	فرض	بالافتراضية	فرض
التوتر	وتر	التوتر	وتر
الشخصيات	شخص	الشخصيات	شخص
الناقلين	نقل	الناقلين	نقل
والتأثيرات	ءثر	والتأثيرات	ءثر
المقنؤة	قنء	المقنؤة	قنء
التطفلية	طفل	التطفلية	طفل
يتحسن	حسن	يتحسن	حسن
السقاء	سقي	السقاء	سقي
متحري	حري	متحري	حري
الاسلامية	سلم	الاسلامية	سلم
وصلاء	وصل	وصلاء	وصل
مسدسات	سدس	مسدسات	سدس
والنتائج	نتج	والنتائج	نتج
مذكرتين	ذكر	مذكرتين	ذكر
ثوار	ثور	ثوار	ثور
مسؤولية	سءل	مسؤولية	سءل
متأدب	ءدب	متأدب	ءدب
باحلال	حلل	باحلال	حلل
فإستمروا	مرر	فإستمروا	مرر
بالعربي	عرب	بالعربي	عرب
أفكارهن	فكر	أفكارهن	فكر
اللاجئين	لجء	اللاجئين	لجء
والتعبير	عبر	والتعبير	عبر
الإقتباس	قبس	الإقتباس	قبس
الجمهوري	جمهر	الجمهوري	جمهر
متعددتين	عدد	متعددتين	عدد
الإكتساب	كسب	الإكتساب	كسب
الذاهبون	ذهب	الذاهبون	ذهب
إستحلف	حلف	إستحلف	حلف
والسماعة	سمع	والسماعة	سمع
الأفارقة	فرق	الأفارقة	فرق
كالدمية	دمي	كالدمية	دمي
والمتميز	ميز	والمتميز	ميز
متحدة	وحد	متحدة	وحد
إستقامتهن	قوم	إستقامتهن	قوم
وظيفتيهما	وظف	وظيفتيهما	وظف
الأحادية	ءحد	الأحادية	ءحد
والمؤسسية	ءسس	والمؤسسية	ءسس
الثمانينات	ثمن	الثمانينات	ثمن
الذروة	ذرو	الذروة	ذرو
المفتشات	فتش	المفتشات	فتش
الافتراضي	فرض	الافتراضي	فرض
والسياسيون	سوس	والسياسيون	سوس
مؤسسة	ءسس	مؤسسة	ءسس
المذكرات	ذكر	المذكرات	ذكر
والمؤسسين	ءسس	والمؤسسين	ءسس
وقناعاتهن	قنع	وقناعاتهن	قنع
التدريبي	درب	التدريبي	درب
التنقيب	نقب	التنقيب	نقب
وإقتصادياتهم	قصد	وإقتصادياتهم	قصد
وإقتصادياتهن	قصد	وإقتصادياتهن	قصد
متألف	ءلف	متألف	ءلف
يتمرنون	مرن	يتمرنون	مرن
الإسلامية	سلم	الإسلامية	سلم
وادعاءات	دعي	وادعاءات	دعي
ماصر	مصر	ماصر	مصر
إخلع	خلع	إخلع	خلع
مصلى	صلو	مصلى	صلو
أمآق	مءق	أمآق	مءق
ستستمران	مرر	ستستمران	مرر
ادواء	دوي	ادواء	دوي
الإتفاقات	وفق	الإتفاقات	وفق
حملهن	حمل	حملهن	حمل
متعلقتين	علق	متعلقتين	علق
والدوائر	دور	والدوائر	دور
الطالبين	طلب	الطالبين	طلب
المهمه	مهه	المهمه	مهه
والمؤلفة	ءلف	والمؤلفة	ءلف
بالصابون	صبن	بالصابون	صبن
بالتعطيل	عطل	بالتعطيل	عطل
فتزول	زول	فتزول	زول
مضماض	مضض	مضماض	مضض
فيتشهد	شهد	فيتشهد	شهد
جناء	جني	جناء	جني
الراحل	رحل	الراحل	رحل
جنات	جني	جنات	جني
مساح	مسح	مساح	مسح
الاتحادي	وحد	الاتحادي	وحد
متحرك	حرك	متحرك	حرك
اولمخلوقان	خلق	اولمخلوقان	خلق
الصبغه	صبغ	الصبغه	صبغ
للمدونين	دون	للمدونين	دون
والابلاغ	بلغ	والابلاغ	بلغ
الشبهات	شبه	الشبهات	شبه
بالتطور	طور	بالتطور	طور
حياتهن	حيي	حياتهن	حيي
اختراقية	خرق	اختراقية	خرق
إرتباطا	ربط	إرتباطا	ربط
السلوكية	سلك	السلوكية	سلك
وتحركاتهم	حرك	وتحركاتهم	حرك
والتابعة	تبع	والتابعة	تبع
وإستكشافاتهم	كشف	وإستكشافاتهم	كشف
وإستكشافاتهن	كشف	وإستكشافاتهن	كشف
إنعقدت	عقد	إنعقدت	عقد
والخليجية	خلج	والخليجية	خلج
القنصلية	قنصل	القنصلية	قنصل
الاستهلاكي	هلك	الاستهلاكي	هلك
والذاهبين	ذهب	والذاهبين	ذهب
اخفاقه	خفق	اخفاقه	خفق
الإحتكار	حكر	الإحتكار	حكر
والمتخصص	خصص	والمتخصص	خصص
استنأنف	ءنف	استنأنف	ءنف
الراحلون	رحل	الراحلون	رحل
متعدد	عدد	متعدد	عدد
نوادي	ندي	نوادي	ندي
المتطرفة	طرف	المتطرفة	طرف
مرات	مرر	مرات	مرر
الزيارات	زور	الزيارات	زور
بالثوابت	ثبت	بالثوابت	ثبت
الرابطان	ربط	الرابطان	ربط
الرئيسية	رئس	الرئيسية	رئس
المنظمون	نظم	المنظمون	نظم
مطمئنا	طمء	مطمئنا	طمء
السلطات	سلط	السلطات	سلط
ستصحبا	صحب	ستصحبا	صحب
الواقعية	وقع	الواقعية	وقع
والسياسيات	سوس	والسياسيات	سوس
تذكرنهن	ذكر	تذكرنهن	ذكر
الإدارية	دور	الإدارية	دور
بالتحديد	حدد	بالتحديد	حدد
والتسجيل	سجل	والتسجيل	سجل
الزيارتان	زور	الزيارتان	زور
مسترخي	رخي	مسترخي	رخي
المحركين	حرك	المحركين	حرك
والسيطرة	سطر	والسيطرة	سطر
والمؤهلات	ءهل	والمؤهلات	ءهل
والمتملك	ملك	والمتملك	ملك
والإحتكاريات	حكر	والإحتكاريات	حكر
التمحيص	محص	التمحيص	محص
إرجعن	رجع	إرجعن	رجع
الإقليمية	قلم	الإقليمية	قلم
إسئل	سءل	إسئل	سءل
للمتسلل	سلل	للمتسلل	سلل
الزلزلة	زلزل	الزلزلة	زلزل
رجوعهن	رجع	رجوعهن	رجع
بالاطلاع	طلع	بالاطلاع	طلع
بالتفاعل	فعل	بالتفاعل	فعل
إيجابيين	وجب	إيجابيين	وجب
والاجتماعي	جمع	والاجتماعي	جمع
صحابيون	صحب	صحابيون	صحب
إرتبطان	ربط	إرتبطان	ربط
الجاهزية	جهز	الجاهزية	جهز
تصاميمهن	صمم	تصاميمهن	صمم
سيعلما	علم	سيعلما	علم
التحاويل	حول	التحاويل	حول
استهل	هلَ	استهل	هلَ
ماتفكرون	فكر	ماتفكرون	فكر
سيرجعا	رجع	سيرجعا	رجع
إسجدن	سجد	إسجدن	سجد
التقليدي	قلد	التقليدي	قلد
وسيحرمونهن	حرم	وسيحرمونهن	حرم
فاصاب	صوب	فاصاب	صوب
متطرف	طرف	متطرف	طرف
السابقة	سبق	السابقة	سبق
إرجعا	رجع	إرجعا	رجع
التقديمي	قدم	التقديمي	قدم
المكتبية	كتب	المكتبية	كتب
متآخون	آخي	متآخون	آخي
يتوتران	وتر	يتوتران	وتر
لانهائية	نهي	لانهائية	نهي
بالسابعة	سبع	بالسابعة	سبع
يتضمنها	ضمن	يتضمنها	ضمن
حفرهن	حفر	حفرهن	حفر
الصناعية	صنع	الصناعية	صنع
اعلنت	علن	اعلنت	علن
مراعاه	مرع	مراعاه	مرع
محوسبة	حسب	محوسبة	حسب
وتحدياتها	حدي	وتحدياتها	حدي
التعزيزات	عزز	التعزيزات	عزز
الأدلة	دل	الأدلة	دل
والناقلتين	نقل	والناقلتين	نقل
ممولون	مول	ممولون	مول
المرشحين	رشح	المرشحين	رشح
الشهرية	شهر	الشهرية	شهر
ومحركات	حرك	ومحركات	حرك
مبيض	بيض	مبيض	بيض
والتقنية	قني	والتقنية	قني
والإخباري	خبر	والإخباري	خبر
وإستمراريتهم	مرر	وإستمراريتهم	مرر
وإستمراريتهن	مرر	وإستمراريتهن	مرر
والحركية	حرك	والحركية	حرك
يرسلناها	رسل	يرسلناها	رسل
ركبتيك	ركب	ركبتيك	ركب
مدرس	درس	مدرس	درس
الراحلات	رحل	الراحلات	رحل
اسبوع	سبع	اسبوع	سبع
والمدونات	دون	والمدونات	دون
الصالحون	صلح	الصالحون	صلح
والصياغة	صوغ	والصياغة	صوغ
الثقافية	ثقف	الثقافية	ثقف
المتبدل	بدل	المتبدل	بدل
متوحد	وحد	متوحد	وحد
اصدقاءهم	صدق	اصدقاءهم	صدق
كالصحابي	صحب	كالصحابي	صحب
والطابعات	طبع	والطابعات	طبع
الرئاسية	رئس	الرئاسية	رئس
التمييز	ميز	التمييز	ميز
بالذاكرة	ذكر	بالذاكرة	ذكر
للإنترنت		للإنترنت	
والعسكري	عسكر	والعسكري	عسكر
إلتزامها	لزم	إلتزامها	لزم
متصلون	وصل	متصلون	وصل
المتفرعة	فرع	المتفرعة	فرع
فاستحقاقاتهن	حقق	فاستحقاقاتهن	حقق
يتمرنن	مرن	يتمرنن	مرن
التعليم	علم	التعليم	علم
تسدية	سدو	تسدية	سدو
وآرائهن	رءي	وآرائهن	رءي
والترسانة		والترسانة	
الغذائية	غذي	الغذائية	غذي
ضافي	ضفي	ضافي	ضفي
تربحن	ربح	تربحن	ربح
نطناط	نطط	نطناط	نطط
الثانوية	ثني	الثانوية	ثني
واستخداماتهن	خدم	واستخداماتهن	خدم
والدراسات	درس	والدراسات	درس
الثلاثية	ثلث	الثلاثية	ثلث
والساجدان	سجد	والساجدان	سجد
ماسط	مسط	ماسط	مسط
اخطاء	خطء	اخطاء	خطء
فافتضى	قضي	فافتضى	قضي
سيارات	سير	سيارات	سير
الغالبية	غلب	الغالبية	غلب
والمحللان	حلل	والمحللان	حلل
رعاء	رعي	رعاء	رعي
المدونين	دون	المدونين	دون
العمودية	عمد	العمودية	عمد
روابطهن	ربط	روابطهن	ربط
الرابطين	ربط	الرابطين	ربط
المركزي	ركز	المركزي	ركز
بالتشويش	شوش	بالتشويش	شوش
والارقام	رقم	والارقام	رقم
القتالية	قتل	القتالية	قتل
والمحللات	حلل	والمحللات	حلل
والمعتاشة	عيش	والمعتاشة	عيش
المتدفقة	دفق	المتدفقة	دفق
والصائغ	صوغ	والصائغ	صوغ
استماز	ميز	استماز	ميز
المتحركة	حرك	المتحركة	حرك
منادي	ندي	منادي	ندي
تعلمكن	علم	تعلمكن	علم
والساجدات	سجد	والساجدات	سجد
بالسياسة	سوس	بالسياسة	سوس
والمرطبات	رطب	والمرطبات	رطب
سيتعرضون	عرض	سيتعرضون	عرض
يتملك	ملك	يتملك	ملك
إخلعوا	خلع	إخلعوا	خلع
إستخدامهن	خدم	إستخدامهن	خدم
للثروات	ثري	للثروات	ثري
الإلتقاء	لقي	الإلتقاء	لقي
يبعثرهن	بعثر	يبعثرهن	بعثر
للتصفح	صفح	للتصفح	صفح
الطابعات	طبع	الطابعات	طبع
الساجدات	سجد	الساجدات	سجد
اهتمامهن	همم	اهتمامهن	همم
قحطبة	قحطب	قحطبة	قحطب
صحته	صحح	صحته	صحح
مرتشي	رشي	مرتشي	رشي
والناقلة	نقل	والناقلة	نقل
الساجدان	سجد	الساجدان	سجد
الشرعية	شرع	الشرعية	شرع
مبني	بني	مبني	بني
المجلدات	جلد	المجلدات	جلد
الناقل	نقل	الناقل	نقل
يعلمونهن	علم	يعلمونهن	علم
والانجازات	نجز	والانجازات	نجز
والتنقيب	نقب	والتنقيب	نقب
الأسون	ءسي	الأسون	ءسي
التصحيحات	صحح	التصحيحات	صحح
إستكشافاتهم	كشف	إستكشافاتهم	كشف
إعتقالهن	عقل	إعتقالهن	عقل
إعاقتهن	عوق	إعاقتهن	عوق
الذرى	ذري	الذرى	ذري
والحقيقي	حقق	والحقيقي	حقق
الدليل	دل;دلل	الدليل	دل;دلل
اثار	ءثر	اثار	ءثر
ولمخيمات	خيم	ولمخيمات	خيم
الصحي	صحو	الصحي	صحو
الضأضأ	ضءضء	الضأضأ	ضءضء
السماعات	سمع	السماعات	سمع
استحقاقاتهن	حقق	استحقاقاتهن	حقق
خصوصيات	خصص	خصوصيات	خصص
استعلال	علو	استعلال	علو
لزبائنها	زبن	لزبائنها	زبن
القرضئ	قرض	القرضئ	قرض
سيرسلناها	رسل	سيرسلناها	رسل
والبحثية	بحث	والبحثية	بحث
الناخبين	نخب	الناخبين	نخب
لاتصالهم	وصل	لاتصالهم	وصل
ايجاز	وجز	ايجاز	وجز
اللجنة	لجن	اللجنة	لجن
الدالية	دلي	الدالية	دلي
والمتخصصين	خصص	والمتخصصين	خصص
الغشرب	غشرب	الغشرب	غشرب
إرجع	رجع	إرجع	رجع
بيناء	بين	بيناء	بين
النجاحات	نجح	النجاحات	نجح
احرى	حري	احرى	حري
أمورهن	ءمر	أمورهن	ءمر
حساباتهن	حسب	حساباتهن	حسب
الذرا	ذري	الذرا	ذري
الديوان	دون	الديوان	دون
المذهبية	ذهب	المذهبية	ذهب
تحفظاتها	حظظ	تحفظاتها	حظظ
العسكرية	عسكر	العسكرية	عسكر
بالملذات	لذذ	بالملذات	لذذ
استخبارتية	خبر	استخبارتية	خبر
تستبدلهن	بدل	تستبدلهن	بدل
أدفيته	دفء	أدفيته	دفء
بالشبكات	شبك	بالشبكات	شبك
المعلوماتي	علم	المعلوماتي	علم
مجتبأ	جبي	مجتبأ	جبي
بالتمويل	مول	بالتمويل	مول
إذهب	ذهب	إذهب	ذهب
متصلان	وصل	متصلان	وصل
النطاقات	نطق	النطاقات	نطق
سيتمكنون	مكن	سيتمكنون	مكن
الفضائية	فضء	الفضائية	فضء
والمتسللون	سلل	والمتسللون	سلل
اللاعبون	لعب	اللاعبون	لعب
سيتمكنوا	مكن	سيتمكنوا	مكن
متلبسات	لبس	متلبسات	لبس
إمنع	منع	إمنع	منع
التصميمات	صمم	التصميمات	صمم
أغاني	غني	أغاني	غني
ملكية	ملك	ملكية	ملك
الإتفاقيات	وفق	الإتفاقيات	وفق
المتملكة	ملك	المتملكة	ملك
عصوان	عصو	عصوان	عصو
والتصاريح	صرح	والتصاريح	صرح
التنظيمات	نظم	التنظيمات	نظم
التشكيلة	شكل	التشكيلة	شكل
المبدئية	بدء	المبدئية	بدء
سنعيقهن	عوق	سنعيقهن	عوق
والإنترنت		والإنترنت	
أولوياته	ولي	أولوياته	ولي
المحركون	حرك	المحركون	حرك
بالشركات	شرك	بالشركات	شرك
الانطباعي	طبع	الانطباعي	طبع
المركزية	ركز	المركزية	ركز
والمتحركة	حرك	والمتحركة	حرك
باغيين	بغي	باغيين	بغي
متجبرون	جبر	متجبرون	جبر
متاخيات	ءخذ	متاخيات	ءخذ
استمر	مرر	استمر	مرر
الصائغ	صوغ	الصائغ	صوغ
دموي	دمي	دموي	دمي
إكتال	كيل	إكتال	كيل
الهوائية	هوي	الهوائية	هوي
بالتراضي	رضي	بالتراضي	رضي
إنعكاس	عكس	إنعكاس	عكس
منتقأ	نقي	منتقأ	نقي
والمدنون	مدن	والمدنون	مدن
متصفحات	صفح	متصفحات	صفح
اعتزالهن	عزل	اعتزالهن	عزل
فإستراحوا	روح	فإستراحوا	روح
خصوصيتهم	خصص	خصوصيتهم	خصص
الساجد	سجد	الساجد	سجد
حفار	حفر	حفار	حفر
متألق	ءلق	متألق	ءلق
التقنيات	قني	التقنيات	قني
الاقتصادية	قصد	الاقتصادية	قصد
التفاعلي	فعل	التفاعلي	فعل
ثوابتهن	ثوب	ثوابتهن	ثوب
والساجدة	سجد	والساجدة	سجد
والتحليل	حلل	والتحليل	حلل
بالتعاون	عون	بالتعاون	عون
بالمؤسسات	ءسس	بالمؤسسات	ءسس
بالتجزئة	جزء	بالتجزئة	جزء
المهتمين	همم	المهتمين	همم
إنكسار	كسر	إنكسار	كسر
إرتباطهم	ربط	إرتباطهم	ربط
والعالمي	علم	والعالمي	علم
والشفافية	شفف	والشفافية	شفف
متخصصين	خصص	متخصصين	خصص
بالتأشير	شير	بالتأشير	شير
بالمتصفح	صفح	بالمتصفح	صفح
الطبيعية	طبع	الطبيعية	طبع
التنحنح	نحح	التنحنح	نحح
والدروس	درس	والدروس	درس
المتمثلة	مثل	المتمثلة	مثل
مأثورة	ءثر	مأثورة	ءثر
وبيتكلموا	كلم	وبيتكلموا	كلم
واظهرتهم	ظهر	واظهرتهم	ظهر
متملكة	ملك	متملكة	ملك
ألعابهن	لعب	ألعابهن	لعب
والصائغون	صوغ	والصائغون	صوغ
ممحاه	محي	ممحاه	محي
فاشار	شور	فاشار	شور
والزيارتين	زور	والزيارتين	زور
بالتجديد	جدد	بالتجديد	جدد
النزاعات	نزع	النزاعات	نزع
والراحلين	رحل	والراحلين	رحل
الذمى	ذم	الذمى	ذم
المرجعية	رجع	المرجعية	رجع
العارفه	عرف	العارفه	عرف
اتساقه	وسق	اتساقه	وسق
المفتشون	فتش	المفتشون	فتش
وقياديون	قود	وقياديون	قود
إستمكنوا	مكن	إستمكنوا	مكن
إرتباط	ربط	إرتباط	ربط
فقدانهن	فقد	فقدانهن	فقد
الناقلة	نقل	الناقلة	نقل
النحرير	نحر	النحرير	نحر
ايسمع	سمع	ايسمع	سمع
المتقدمة	قدم	المتقدمة	قدم
الروابط	ربط	الروابط	ربط
المتبقية	بقي	المتبقية	بقي
التسعينيات	تسع	التسعينيات	تسع
الدعايات	دعي	الدعايات	دعي
التراثية	ترث	التراثية	ترث
الدوامة	دوم	الدوامة	دوم
الاضافية	ضيف	الاضافية	ضيف
النخوة	نخو	النخوة	نخو
والسنوات	سنة	والسنوات	سنة
والمنفرة	نفر	والمنفرة	نفر
الذمة	ذمم	الذمة	ذمم
سراية	سري	سراية	سري
المؤلفين	ءلف	المؤلفين	ءلف
الدنيا	دنو	الدنيا	دنو
الدنية	دنء	الدنية	دنء
إرهابية	رهب	إرهابية	رهب
تسانيم	نسم	تسانيم	نسم
متأخرون	ءخر	متأخرون	ءخر
معتقداتهن	عقد	معتقداتهن	عقد
بالاتزان	وزن	بالاتزان	وزن
إستماعهن	سمع	إستماعهن	سمع
والمجهز	جهز	والمجهز	جهز
إستماعهم	سمع	إستماعهم	سمع
الإعتقال	عقل	الإعتقال	عقل
فيتعدى	عدد	فيتعدى	عدد
والناشرين	نشر	والناشرين	نشر
متركون	ترك	متركون	ترك
سيحركوهم	حرك	سيحركوهم	حرك
الدائمون	دوم	الدائمون	دوم
المنسقون	نسق	المنسقون	نسق
الماضيين	مضي	الماضيين	مضي
إنقسامه	قسم	إنقسامه	قسم
بالتفصيل	فصل	بالتفصيل	فصل
اليمنيون	يمن	اليمنيون	يمن
والناخبين	نخب	والناخبين	نخب
إسجدوا	سجد	إسجدوا	سجد
التفاوض	فوض	التفاوض	فوض
الأقليات	قلل	الأقليات	قلل
الشراكات	شرك	الشراكات	شرك
والهندسية	هندس	والهندسية	هندس
أعمالهن	عمل	أعمالهن	عمل
معادية	عدو	معادية	عدو
سيرجعوهم	رجع	سيرجعوهم	رجع
التعامل	عمل	التعامل	عمل
حسائهن	حسء	حسائهن	حسء
والنقابات	نقب	والنقابات	نقب
والتوزيع	وزع	والتوزيع	وزع
الذاهب	ذهب	الذاهب	ذهب
والصناعات	صنع	والصناعات	صنع
الأكفياء	كفو	الأكفياء	كفو
السيارات	سير	السيارات	سير
الدولة	دول	الدولة	دول
العمال	عمل	العمال	عمل
الصحابيين	صحب	الصحابيين	صحب
الجنائية	جني	الجنائية	جني
إستبدال	بدل	إستبدال	بدل
احتمالية	حمل	احتمالية	حمل
اللغات	لغي	اللغات	لغي
إعادتهن	عود	إعادتهن	عود
الديمومة	دم	الديمومة	دم
سيربحان	ربح	سيربحان	ربح
إقتصاديات	قصد	إقتصاديات	قصد
بالتطوير	طور	بالتطوير	طور
الغواصات	غوص	الغواصات	غوص
اجراء	جري	اجراء	جري
العذاء	عذو	العذاء	عذو
بالنتائج	نتج	بالنتائج	نتج
السكات	سكت	السكات	سكت
متكررون	كرر	متكررون	كرر
والاجتماعية	جمع	والاجتماعية	جمع
الغث	غثث	الغث	غثث
السناء	سنو	السناء	سنو
غالبيتهم	غلب	غالبيتهم	غلب
والاجهزة	جهز	والاجهزة	جهز
السابقين	سبق	السابقين	سبق
والذاهبات	ذهب	والذاهبات	ذهب
المنضدية	نضد	المنضدية	نضد
والتروجان		والتروجان	
والسهولة	سهل	والسهولة	سهل
أقرائك	قرء	أقرائك	قرء
والسياسية	سوس	والسياسية	سوس
يتأخر	ءخر	يتأخر	ءخر
والذاهبان	ذهب	والذاهبان	ذهب
إسئلوا	سءل	إسئلوا	سءل
التوفيرية	وفر	التوفيرية	وفر
الماليه	مول	الماليه	مول
التجربة	جرب	التجربة	جرب
السكان	سكن	السكان	سكن
وبالتعاون	عون	وبالتعاون	عون
تبعثرهن	بعثر	تبعثرهن	بعثر
الإحتقانات	حقن	الإحتقانات	حقن
خضاخض	خضخض	خضاخض	خضخض
الدنيئة	دنئ	الدنيئة	دنئ
اغماء	غمي	اغماء	غمي
متيقظ	يقظ	متيقظ	يقظ
المعلمومات	علم	المعلمومات	علم
إستمعن	سمع	إستمعن	سمع
إستراحاتهن	سرح	إستراحاتهن	سرح
أسائن	ءسن	أسائن	ءسن
بالضرورة	ضرر	بالضرورة	ضرر
لايمكنها	مكن	لايمكنها	مكن
الإنكسارات	كسر	الإنكسارات	كسر
الوان	لون	الوان	لون
الكلامية	كلم	الكلامية	كلم
المسجلون	سجل	المسجلون	سجل
والمخربين	خرب	والمخربين	خرب
إستراحات	سرح	إستراحات	سرح
والشريحة	شرح	والشريحة	شرح
والتاريخية	ترخ	والتاريخية	ترخ
بالتنقيب	نقب	بالتنقيب	نقب
اسيل	ءسل	اسيل	ءسل
للنسختين	نسخ	للنسختين	نسخ
اسراء	سري	اسراء	سري
النهاية	نهي	النهاية	نهي
انتقامية	نقم	انتقامية	نقم
متحركة	حرك	متحركة	حرك
التوفير	وفر	التوفير	وفر
إمنعوا	منع	إمنعوا	منع
والداعمة	دعم	والداعمة	دعم
للناشرين	نشر	للناشرين	نشر
مؤلفاتهم	ءلف	مؤلفاتهم	ءلف
والسخرية	سخر	والسخرية	سخر
محطم	حطم	محطم	حطم
إستبدالوا	بدل	إستبدالوا	بدل
والراجع	رجع	والراجع	رجع
الدودة	دود	الدودة	دود
المتضمنة	ضمن	المتضمنة	ضمن
ارقاء	رق	ارقاء	رق
دلالهن	دلل	دلالهن	دلل
المحلل	حلل	المحلل	حلل
والذاهبون	ذهب	والذاهبون	ذهب
الشمالية	شمل	الشمالية	شمل
الأساسية	ءسس	الأساسية	ءسس
الخيالية	خيل	الخيالية	خيل
دراستكن	درس	دراستكن	درس
مدلل	دلل	مدلل	دلل
بالتأكيد	ءكد	بالتأكيد	ءكد
متوكلون	وكل	متوكلون	وكل
مدققين	دقق	مدققين	دقق
المصورين	صور	المصورين	صور
والتحسينات	حسن	والتحسينات	حسن
اضاعوا	ضيع	اضاعوا	ضيع
والمسائلات	سءل	والمسائلات	سءل
ويتمنون	مني	ويتمنون	مني
والثقافة	ثقف	والثقافة	ثقف
الدعائية	دعي	الدعائية	دعي
القاموسي	قمس	القاموسي	قمس
المنظمين	نظم	المنظمين	نظم
يتوقد	وقد	يتوقد	وقد
سطحية	سطح	سطحية	سطح
متجبر	جبر	متجبر	جبر
السمو	سمو	السمو	سمو
قضية	قضي	قضية	قضي
والمجرب	جرب	والمجرب	جرب
الثروات	ثري	الثروات	ثري
الهاتفية	هتف	الهاتفية	هتف
اغناك	غني	اغناك	غني
والتجربة	جرب	والتجربة	جرب
إستبدلوهن	بدل	إستبدلوهن	بدل
اصدقائهم	صدق	اصدقائهم	صدق
الزيارتين	زور	الزيارتين	زور
للراغبين	رغب	للراغبين	رغب
متألقون	ءلق	متألقون	ءلق
والمحركان	حرك	والمحركان	حرك
إنقسامكم	قسم	إنقسامكم	قسم
متدين	دين	متدين	دين
إنشغال	شغل	إنشغال	شغل
عشاق	عشق	عشاق	عشق
والجاذبية	جذب	والجاذبية	جذب
سيتحسن	حسن	سيتحسن	حسن
تبلورهن	بلور	تبلورهن	بلور
العالمية	علم	العالمية	علم
امدوحة	مدح	امدوحة	مدح
مؤسساتهم	ءسس	مؤسساتهم	ءسس
الإرهابية	رهب	الإرهابية	رهب
بنائون	بني	بنائون	بني
الدامية	دمي	الدامية	دمي
للمؤلفين	ءلف	للمؤلفين	ءلف
مضخات	ضخخ	مضخات	ضخخ
مدللات	دلل	مدللات	دلل
توحدت	وحد	توحدت	وحد
سأنقلهن	نقل	سأنقلهن	نقل
لوظائفهن	وظف	لوظائفهن	وظف
وحساباتهن	حسب	وحساباتهن	حسب
مشيعة	مشع	مشيعة	مشع
الإنساني	ءنس	الإنساني	ءنس
محرك	حرك	محرك	حرك
يربح	ربح	يربح	ربح
عدوانهن	عدو	عدوانهن	عدو
ابناء	بني	ابناء	بني
الإلزامي	لزم	الإلزامي	لزم
والدوريات	دور	والدوريات	دور
معاني	عني	معاني	عني
والتطبيقات	طبق	والتطبيقات	طبق
الرباط	ربط	الرباط	ربط
والصائغات	صوغ	والصائغات	صوغ
الدحرجة	دحرج	الدحرجة	دحرج
التخريبي	جرب	التخريبي	جرب
المتكررة	كرر	المتكررة	كرر
إنكسارات	كسر	إنكسارات	كسر
محركوها	حرك	محركوها	حرك
المخربين	خرب	المخربين	خرب
التعبير	عبر	التعبير	عبر
فتقيد	فيد	فتقيد	فيد
والتعاون	عون	والتعاون	عون
محركون	حرك	محركون	حرك
مياس	ميس	مياس	ميس
إنكساران	كسر	إنكساران	كسر
فيتاخر	ءخر	فيتاخر	ءخر
والزامها	لزم	والزامها	لزم
تبدلات	بدل	تبدلات	بدل
الإعلاني	علن	الإعلاني	علن
والتصاميم	صمم	والتصاميم	صمم
الراجعة	رجع	الراجعة	رجع
حسنوات	حسن	حسنوات	حسن
اغنياء	غني	اغنياء	غني
بمصداقية	صدق	بمصداقية	صدق
الوساويس	وسوس	الوساويس	وسوس
الشوارع	شرع	الشوارع	شرع
إستغلال	غلل	إستغلال	غلل
منوع	منع	منوع	منع
التناوش	نوش	التناوش	نوش
الدواس	دوس	الدواس	دوس
الدوار	دور	الدوار	دور
الإسلاميون	سلم	الإسلاميون	سلم
والشاشات	شوش	والشاشات	شوش
واقتصادية	قصد	واقتصادية	قصد
المتملك	ملك	المتملك	ملك
الدواء	دوي	الدواء	دوي
محركاتها	حرك	محركاتها	حرك
المتعطلة	عطل	المتعطلة	عطل
واللهجات	لهج	واللهجات	لهج
مائح	ميح	مائح	ميح
التسويقية	سوق	التسويقية	سوق
والطيران	طير	والطيران	طير
والمسيحية	مسح	والمسيحية	مسح
إعتبروا	عبر	إعتبروا	عبر
ليالهن	ليل	ليالهن	ليل
بالتحايل	حول	بالتحايل	حول
إتحادات	تحد	إتحادات	تحد
غلوث	غتت	غلوث	غتت
اسوادان	سود	اسوادان	سود
متآخي	آخي	متآخي	آخي
متعسف	عسف	متعسف	عسف
مائن	مين	مائن	مين
العاطفية	عطف	العاطفية	عطف
والتركيز	ركز	والتركيز	ركز
فالتقنية	تقن	فالتقنية	تقن
رئاسة	رءس	رئاسة	رءس
بخطة	خطط	بخطة	خطط
التحليلات	حلل	التحليلات	حلل
والرسالة	رسل	والرسالة	رسل
اصدقائ	صدق	اصدقائ	صدق
الداعمين	دعم	الداعمين	دعم
إستمرارية	مرر	إستمرارية	مرر
المأخوذة	ءخذ	المأخوذة	ءخذ
الشريفين	شرف	الشريفين	شرف
إستكشافات	كشف	إستكشافات	كشف
المتحدة	تحد	المتحدة	تحد
الدورة	دور	الدورة	دور
متطرفون	طرف	متطرفون	طرف
المسؤولية	سءل	المسؤولية	سءل
والاتصالات	وصل	والاتصالات	وصل
سيتحركن	حرك	سيتحركن	حرك
والمؤسسات	ءسس	والمؤسسات	ءسس
النميم	نمم	النميم	نمم
الموحد	وحد	الموحد	وحد
التنافسي	نفس	التنافسي	نفس
للمفوضية	عمد	للمفوضية	عمد
سيظل	ظل	سيظل	ظل
مارية	مري	مارية	مري
لتواصلية	وصل	لتواصلية	وصل
والصحابيون	صحب	والصحابيون	صحب
والصفحات	صفح	والصفحات	صفح
للصمامات	صمم	للصمامات	صمم
ليالي	ليل	ليالي	ليل
والغواصات	غوص	والغواصات	غوص
الانعزالية	عزل	الانعزالية	عزل
يحرمونهن	حرم	يحرمونهن	حرم
ابائي	ءبو	ابائي	ءبو
موظفات	وظف	موظفات	وظف
والدليلة	دل	والدليلة	دل
تاذ	ءذي	تاذ	ءذي
واستخدامهن	خدم	واستخدامهن	خدم
بمتطلباتها	طلب	بمتطلباتها	طلب
وملفات	لفف	وملفات	لفف
بالاوراق	ورق	بالاوراق	ورق
مبتلون	بلل	مبتلون	بلل
والاستمرارية	مرر	والاستمرارية	مرر
ومتصفحيها	صفح	ومتصفحيها	صفح
الراحلين	رحل	الراحلين	رحل
اعضاء	عضد	اعضاء	عضد
الصالحين	صلح	الصالحين	صلح
يتبدلن	بدل	يتبدلن	بدل
تتأخران	ءخر	تتأخران	ءخر
الاستخباراتية	خبر	الاستخباراتية	خبر
والأهلية	ءهل	والأهلية	ءهل
تمركزهن	ركز	تمركزهن	ركز
الإعلامي	علم	الإعلامي	علم
سيحرمونهن	حرم	سيحرمونهن	حرم
التدابير	دبر	التدابير	دبر
ستعلمهن	علم	ستعلمهن	علم
الإجرامي	جرم	الإجرامي	جرم
خلعهن	خلع	خلعهن	خلع
السماعتين	سمع	السماعتين	سمع
النهائية	نهي	النهائية	نهي
الإنعكاس	عكس	الإنعكاس	عكس
متصفح	صفح	متصفح	صفح
المسئولة	سءل	المسئولة	سءل
فالتأخير	ءخر	فالتأخير	ءخر
والتعامل	عمل	والتعامل	عمل
ومحرك	حرك	ومحرك	حرك
والدليلان	دل	والدليلان	دل
المحتجات	حجج	المحتجات	حجج
حركهن	حرك	حركهن	حرك
والإرهابيون	رهب	والإرهابيون	رهب
والدليل	دل	والدليل	دل
تتبدل	بدل	تتبدل	بدل
والزيارتان	زور	والزيارتان	زور
والعسكرية	عسكر	والعسكرية	عسكر
التخصصات	خصص	التخصصات	خصص
موحد	وحد	موحد	وحد
سباحتهن	سبح	سباحتهن	سبح
الرسالة	رسل	الرسالة	رسل
مكفهر	فهر	مكفهر	فهر
ستتركا	ترك	ستتركا	ترك
المتردية	ردي	المتردية	ردي
الضريبية	ضرب	الضريبية	ضرب
للمرشحين	رشح	للمرشحين	رشح
إصرارهن	صرر	إصرارهن	صرر
المؤلفات	ءلف	المؤلفات	ءلف
تأخر	ءخر	تأخر	ءخر
أفياء	فيء	أفياء	فيء
والاتفاقيتين	وفق	والاتفاقيتين	وفق
المهاه	مهه	المهاه	مهه
الصالحات	صلح	الصالحات	صلح
إستماعكن	سمع	إستماعكن	سمع
عربتيهما	عرب	عربتيهما	عرب
إلتحامهم	لحم	إلتحامهم	لحم
محوسب	حسب	محوسب	حسب
إلتحامهن	لحم	إلتحامهن	لحم
إنقساماتهم	قسم	إنقساماتهم	قسم
ابرياء	برء	ابرياء	برء
الادنى	دنو	الادنى	دنو
موظفون	وظف	موظفون	وظف
الأقب	قبب	الأقب	قبب
التصنيف	صنف	التصنيف	صنف
باللونين	لون	باللونين	لون
الدليلان	دل	الدليلان	دل
منعهن	منع	منعهن	منع
والتكاثر	كثر	والتكاثر	كثر
الجانبية	جنب	الجانبية	جنب
المضحاة	ضحو	المضحاة	ضحو
والرسمية	رسم	والرسمية	رسم
والعلمية	علم	والعلمية	علم
إستثنائية	ثني	إستثنائية	ثني
قسمتهن	قسم	قسمتهن	قسم
بالتجارة	تجر	بالتجارة	تجر
والإنعكاس	عكس	والإنعكاس	عكس
القياسية	قيس	القياسية	قيس
ويصممان	صمم	ويصممان	صمم
المستقبلية	قبل	المستقبلية	قبل
النمام	نمم	النمام	نمم
بأغنياته	غني	بأغنياته	غني
الصحفيات	صحف	الصحفيات	صحف
إنكسارين	كسر	إنكسارين	كسر
متجدد	جدد	متجدد	جدد
الغسلبة	غسلب	الغسلبة	غسلب
والتجيهزات	جهز	والتجيهزات	جهز
المعتاشة	عيش	المعتاشة	عيش
اصلاء	ءصل	اصلاء	ءصل
الخليوية	خلو	الخليوية	خلو
الاتفاقيتين	وفق	الاتفاقيتين	وفق
مستتضاف	ضيف	مستتضاف	ضيف
بالتسوية	سوي	بالتسوية	سوي
إعترافات	عرف	إعترافات	عرف
الدانية	دنو	الدانية	دنو
إستقلالهم	قلل	إستقلالهم	قلل
إستقلالهن	قلل	إستقلالهن	قلل
والتعقيدات	عقد	والتعقيدات	عقد
بالشفاء	شفي	بالشفاء	شفي
والسماعتان	سمع	والسماعتان	سمع
مجانا	مجن	مجانا	مجن
المختصون	خصص	المختصون	خصص
غماليج	غملج	غماليج	غملج
إستراحوا	سرح	إستراحوا	سرح
والراجعين	رجع	والراجعين	رجع
والحرفية	حرف	والحرفية	حرف
إنعكس	عكس	إنعكس	عكس
الإسلامي	سلم	الإسلامي	سلم
والتقويم	قوم	والتقويم	قوم
متلبس	لبس	متلبس	لبس
والتجريبية	جرب	والتجريبية	جرب
بالسعادة	سعد	بالسعادة	سعد
قفو	وقف	قفو	وقف
الصحابي	صحب	الصحابي	صحب
مواقععهم	وقع	مواقععهم	وقع
إصتحبت	صحب	إصتحبت	صحب
والشبهات	شبه	والشبهات	شبه
للمطورين	طور	للمطورين	طور
أحتضان	حضن	أحتضان	حضن
الفعليين	فعل	الفعليين	فعل
بالصناعة	صنع	بالصناعة	صنع
إصتحبي	صحب	إصتحبي	صحب
جمعتن	جمع	جمعتن	جمع
الإعترافات	عرف	الإعترافات	عرف
الاحتفالية	حفل	الاحتفالية	حفل
المدرس	درس	المدرس	درس
والمعقدة	عقد	والمعقدة	عقد
المفوضية	فوض	المفوضية	فوض
فاعاد	عود	فاعاد	عود
اقتصادية	قصد	اقتصادية	قصد
والدارسين	درس	والدارسين	درس
التبدلات	بدل	التبدلات	بدل
الصحفية	صحف	الصحفية	صحف
الزجاجية	زجج	الزجاجية	زجج
الموظفين	وظف	الموظفين	وظف
حجوزات	حجز	حجوزات	حجز
الأسبقية	سبق	الأسبقية	سبق
مجاميع	جمع	مجاميع	جمع
للسلطات	سلط	للسلطات	سلط
الزيارة	زور	الزيارة	زور
الرسائل	رسل	الرسائل	رسل
رئاسات	رءس	رئاسات	رءس
وبالتالي	تلو	وبالتالي	تلو
ستعلما	علم	ستعلما	علم
أصواتهن	صوت	أصواتهن	صوت
رياء	رءي	رياء	رءي
والثقافية	ثقف	والثقافية	ثقف
والصحفيين	صحف	والصحفيين	صحف
والطائرات	طير	والطائرات	طير
القيادي	قيد	القيادي	قيد
النيابة	نوب	النيابة	نوب
الدليلين	دل	الدليلين	دل
التأهب	ءهب	التأهب	ءهب
بالإيجابية	جوب	بالإيجابية	جوب
تتأخر	ءخر	تتأخر	ءخر
الأخلاقي	خلق	الأخلاقي	خلق
مختبأ	خبي	مختبأ	خبي
والتنظيم	نظم	والتنظيم	نظم
الناشرين	نشر	الناشرين	نشر
الجوهرية	جهر	الجوهرية	جهر
ريان	روي	ريان	روي
الشادي	شدو	الشادي	شدو
محركين	حرك	محركين	حرك
متطوعات	طوع	متطوعات	طوع
استهلت	سهل	استهلت	سهل
الحقيقية	حقق	الحقيقية	حقق
والتضييق	ضيق	والتضييق	ضيق
متعددة	عدد	متعددة	عدد
المميزات	ميز	المميزات	ميز
والمحللين	حلل	والمحللين	حلل
الإحتقان	حقن	الإحتقان	حقن
السرية	سرر	السرية	سرر
إنقسما	قسم	إنقسما	قسم
أتروكهم	ترك	أتروكهم	ترك
العنصرية	عنصر	العنصرية	عنصر
أدوارهن	دور	أدوارهن	دور
اساسي	ءسس	اساسي	ءسس
الشاشات	شوش	الشاشات	شوش
والناقلات	نقل	والناقلات	نقل
المؤرخ	ءرخ	المؤرخ	ءرخ
الشراكة	شرك	الشراكة	شرك
الأصليون	صلي	الأصليون	صلي
والتشريعات	شرع	والتشريعات	شرع
مذيب	ذوب	مذيب	ذوب
الحكومية	حكم	الحكومية	حكم
والناقلان	نقل	والناقلان	نقل
مدور	دور	مدور	دور
روابي	ربي	روابي	ربي
ابان	بين	ابان	بين
إستراحة	سرح	إستراحة	سرح
اباك	ءبو	اباك	ءبو
الاربعاء	ربع	الاربعاء	ربع
باطلاق	طلق	باطلاق	طلق
مشترياتهن	شري	مشترياتهن	شري
إنقسمن	قسم	إنقسمن	قسم
الإنقسامات	قسم	الإنقسامات	قسم
النقالة	نقل	النقالة	نقل
الصائغة	صوغ	الصائغة	صوغ
بمتصفحها	صفح	بمتصفحها	صفح
البرمجية	رمج	البرمجية	رمج
والطرقات	طرق	والطرقات	طرق
بالتقسيط	قسط	بالتقسيط	قسط
القساء	قسو	القساء	قسو
إستماعك	سمع	إستماعك	سمع
والسلسلة	سلل	والسلسلة	سلل
إستماعه	سمع	إستماعه	سمع
إنعقد	عقد	إنعقد	عقد
إذهبن	ذهب	إذهبن	ذهب
إستعلوا	سعل	إستعلوا	سعل
الذرأة	ذرء	الذرأة	ذرء
بالمعادي	عدي	بالمعادي	عدي
صحابيين	صحب	صحابيين	صحب
إستئنافهن	ءنف	إستئنافهن	ءنف
مهمات	همم	مهمات	همم
المؤسسين	ءسس	المؤسسين	ءسس
الإرهابيون	رهب	الإرهابيون	رهب
مهارتهن	مهر	مهارتهن	مهر
مبتأس	بءس	مبتأس	بءس
حساسية	حسس	حساسية	حسس
التجريبي	جرب	التجريبي	جرب
إسمع	سمع	إسمع	سمع
إستثنى	ثني	إستثنى	ثني
والتواصل	وصل	والتواصل	وصل
والمنظمات	نظم	والمنظمات	نظم
إحملن	حمل	إحملن	حمل
اعاملك	عمل	اعاملك	عمل
فيتحقق	حقق	فيتحقق	حقق
المتحرك	حرك	المتحرك	حرك
وعاظ	وعظ	وعاظ	وعظ
والاتصالي	وصل	والاتصالي	وصل
والرياضة	ريض	والرياضة	ريض
النهاء	نهي	النهاء	نهي
بالتحويلات	حول	بالتحويلات	حول
والدليلين	دل	والدليلين	دل
والحفارة	حفر	والحفارة	حفر
الزميلين	زمل	الزميلين	زمل
وموضوعية	وضع	وموضوعية	وضع
إرتباطكن	ربط	إرتباطكن	ربط
إرتباطكم	ربط	إرتباطكم	ربط
التمرين	مرن	التمرين	مرن
والاشياء	شيئ	والاشياء	شيئ
المحوسبة	حسب	المحوسبة	حسب
التمارين	مرن	التمارين	مرن
التصنيفات	صنف	التصنيفات	صنف
محللين	حلل	محللين	حلل
التصميم	صمم	التصميم	صمم
والمتوسطة	وسط	والمتوسطة	وسط
التوفيرات	وفر	التوفيرات	وفر
القانوني	قنن	القانوني	قنن
مدللون	دلل	مدللون	دلل
متأخرة	ءخر	متأخرة	ءخر
مفتاحية	فتح	مفتاحية	فتح
الإشتراكية	شرك	الإشتراكية	شرك
والتقاليد	قلد	والتقاليد	قلد
التعليمي	علم	التعليمي	علم
الموسوعي	وسع	الموسوعي	وسع
مسداء	مسد	مسداء	مسد
والسماعات	سمع	والسماعات	سمع
يتحسنوا	حسن	يتحسنوا	حسن
اللغوية	لغو	اللغوية	لغو
متأخرات	ءخر	متأخرات	ءخر
متأخرين	ءخر	متأخرين	ءخر
ادعاءاته	دعي	ادعاءاته	دعي
الرافدين	رفد	الرافدين	رفد
بإمكانية	مكن	بإمكانية	مكن
الاجتماعية	جمع	الاجتماعية	جمع
السعال	سعل	السعال	سعل
الساجدين	سجد	الساجدين	سجد
البوابات	بوب	البوابات	بوب
فظائح	فظح	فظائح	فظح
يصممون	صمم	يصممون	صمم
الدائمين	دوم	الدائمين	دوم
يتبدل	بدل	يتبدل	بدل
متجنس	جنس	متجنس	جنس
استلانة	لين	استلانة	لين
بارسالها	رسل	بارسالها	رسل
اتفاقيتي	وفق	اتفاقيتي	وفق
اجتماعية	جمع	اجتماعية	جمع
الجزيئات	جزء	الجزيئات	جزء
استيأس	يءس	استيأس	يءس
كالسجلات	سجل	كالسجلات	سجل
متأخران	ءخر	متأخران	ءخر
سمعهن	سمع	سمعهن	سمع
التخبط	خبط	التخبط	خبط
عمال	عمل	عمال	عمل
اشقاء	شقق	اشقاء	شقق
والتدبيس	دبس	والتدبيس	دبس
علمكن	علم	علمكن	علم
الدورية	دور	الدورية	دور
والتخطيط	خطط	والتخطيط	خطط
تعسف	عسف	تعسف	عسف
الجزيئية	جزء	الجزيئية	جزء
الحسابية	حسب	الحسابية	حسب
صحابيان	صحب	صحابيان	صحب
سيذكرونهن	ذكر	سيذكرونهن	ذكر
والسيارات	سير	والسيارات	سير
الغطرب	غطرب	الغطرب	غطرب
إستخدامكم	خدم	إستخدامكم	خدم
الدالة	دلل	الدالة	دلل
التقسيمات	قسم	التقسيمات	قسم
المحوسب	حسب	المحوسب	حسب
ميساء	ميس	ميساء	ميس
صماء	صم	صماء	صم
انتخابية	نخب	انتخابية	نخب
والاتصال	وصل	والاتصال	وصل
والتعليم	علم	والتعليم	علم
فيقيد	قيد	فيقيد	قيد
إصتحب	صحب	إصتحب	صحب
والراجعون	رجع	والراجعون	رجع
والتعبئة	عبء	والتعبئة	عبء
وبالتوقيع	وقع	وبالتوقيع	وقع
نفرور	نفر	نفرور	نفر
والتعليق	علق	والتعليق	علق
والتحديث	حدث	والتحديث	حدث
شرقيين	شرق	شرقيين	شرق
صياغتهن	صوغ	صياغتهن	صوغ
لبالسيغر		لبالسيغر	
المكاملة	كمل	المكاملة	كمل
والنزاعات	نزع	والنزاعات	نزع
الغندبتان	غندب	الغندبتان	غندب
بالدقيقة	دقق	بالدقيقة	دقق
متملك	ملك	متملك	ملك
الصباغ	صبغ	الصباغ	صبغ
سترجعا	رجع	سترجعا	رجع
متبدل	بدل	متبدل	بدل
التطورات	طور	التطورات	طور
والتلقائية	لقي	والتلقائية	لقي
المنان	منن	المنان	منن
إتركوهن	ترك	إتركوهن	ترك
ومحركان	حرك	ومحركان	حرك
تعطلت	عطل	تعطلت	عطل
الضحو	ضحي	الضحو	ضحي
الساجدة	سجد	الساجدة	سجد
اخلاقي	خلق	اخلاقي	خلق
الدعويين	دعو	الدعويين	دعو
إئتلافات	ءلف	إئتلافات	ءلف
للتدقيق	دقق	للتدقيق	دقق
إنعكست	عكس	إنعكست	عكس
الناخبات	نخب	الناخبات	نخب
الصواريخ	صرخ	الصواريخ	صرخ
متطوعين	طوع	متطوعين	طوع
متعلقون	علق	متعلقون	علق
والدارسون	درس	والدارسون	درس
وصولهن	وصل	وصولهن	وصل
اقليم	قلم	اقليم	قلم
الموظفون	وظف	الموظفون	وظف
الصياغات	صيغ	الصياغات	صيغ
والرابطة	ربط	والرابطة	ربط
ماذية	مذي	ماذية	مذي
ونوعيتها	نوع	ونوعيتها	نوع
المتحدثة	حدث	المتحدثة	حدث
سراء	سدي	سراء	سدي
إحتجاجات	حجج	إحتجاجات	حجج
وإمكانية	مكن	وإمكانية	مكن
للموسيقي		للموسيقي	
الأبجدية	ءبجد	الأبجدية	ءبجد
الخرائطي	خرط	الخرائطي	خرط
ومتشكرين	شكر	ومتشكرين	شكر
وتصورات	صور	وتصورات	صور
والتصوير	صور	والتصوير	صور
مداحون	مدح	مداحون	مدح
إسمعوا	سمع	إسمعوا	سمع
جنة	جني	جنة	جني
منشقون	شقق	منشقون	شقق
مهترأ	هرء	مهترأ	هرء
الإنسانية	ءنس	الإنسانية	ءنس
المتضررة	ضرر	المتضررة	ضرر
والساجدين	سجد	والساجدين	سجد
مسؤولياتهن	سءل	مسؤولياتهن	سءل
السماعة	سمع	السماعة	سمع
متشدد	شدد	متشدد	شدد
والمتخص	خصص	والمتخص	خصص
التلاء	تلو	التلاء	تلو
اصلحك	صلح	اصلحك	صلح
والمتملكة	ملك	والمتملكة	ملك
المحرك	حرك	المحرك	حرك
متوفر	وفر	متوفر	وفر
الفكرية	فكر	الفكرية	فكر
تأخروا	ءخر	تأخروا	ءخر
مجارة	مجر	مجارة	مجر
أمنهن	ءمن	أمنهن	ءمن
اهتز	هزز	اهتز	هزز
ملوع	ملع	ملوع	ملع
للشعارات	شعر	للشعارات	شعر
والتصميمات	صمم	والتصميمات	صمم
بالإستخدام	خدم	بالإستخدام	خدم
والذاكرة	ذكر	والذاكرة	ذكر
والمهنية	مهن	والمهنية	مهن
الأغنيات	غني	الأغنيات	غني
الدراسية	درس	الدراسية	درس
والمفوضية	فوض	والمفوضية	فوض
امراء	مرء	امراء	مرء
يصلحونهن	صلح	يصلحونهن	صلح
مستقبلية	قبل	مستقبلية	قبل
اعلامي	علم	اعلامي	علم
مذكرات	ذكر	مذكرات	ذكر
والتدوين	دون	والتدوين	دون
متمنعات	منع	متمنعات	منع
إستبدالات	بدل	إستبدالات	بدل
إجمع	جمع	إجمع	جمع
الإحتكاريون	حكر	الإحتكاريون	حكر
محلل	حلل	محلل	حلل
المتوفرة	وفر	المتوفرة	وفر
متأخر	ءخر	متأخر	ءخر
والمجلات	جلل	والمجلات	جلل
المتميزة	ميز	المتميزة	ميز
مجموعهن	جمع	مجموعهن	جمع
ومحركون	حرك	ومحركون	حرك
النادي	ندو	النادي	ندو
الاجنبية	جنب	الاجنبية	جنب
المتميزه	ميز	المتميزه	ميز
الصحابيان	صحب	الصحابيان	صحب
والناقلتان	نقل	والناقلتان	نقل
الدفترية	دفتر	الدفترية	دفتر
المثالية	مثل	المثالية	مثل
سيتحولون	حول	سيتحولون	حول
اختيارية	خير	اختيارية	خير
استهلن	سهل	استهلن	سهل
تماسكهن	مسك	تماسكهن	مسك
التحركات	حرك	التحركات	حرك
الراجعون	رجع	الراجعون	رجع
يتوتر	وتر	يتوتر	وتر
إرجعوا	رجع	إرجعوا	رجع
الصحفيين	صحف	الصحفيين	صحف
إنتحار	نحر	إنتحار	نحر
إكتفين	كفي	إكتفين	كفي
اسماء	سمي	اسماء	سمي
متفجر	فجر	متفجر	فجر
والراحلون	رحل	والراحلون	رحل
إنقسامهن	قسم	إنقسامهن	قسم
حركتهن	حرك	حركتهن	حرك
تحزبات	حزب	تحزبات	حزب
الرشيد	رشد	الرشيد	رشد
المتطفلة	طفل	المتطفلة	طفل
إخلعوهن	خلع	إخلعوهن	خلع
متمرن	مرن	متمرن	مرن
الاتفاق	وفق	الاتفاق	وفق
والذكريات	ذكر	والذكريات	ذكر
والشركات	شرك	والشركات	شرك
الضرورية	ضرر	الضرورية	ضرر
الخلاق	خلق	الخلاق	خلق
والشركاء	شرك	والشركاء	شرك
يستهل	سهل	يستهل	سهل
المتفرقة	فرق	المتفرقة	فرق
المغربية	غرب	المغربية	غرب
والمكتبية	كتب	والمكتبية	كتب
متمرغ	مرغ	متمرغ	مرغ
وتوزعاته	وزع	وتوزعاته	وزع
إستجوبهن	جوب	إستجوبهن	جوب
الغنثر	غنثر	الغنثر	غنثر
متفجرات	فجر	متفجرات	فجر
مستغلين	غلل	مستغلين	غلل
إعلاميون	علم	إعلاميون	علم
القرضبة	قرضب	القرضبة	قرضب
التربوية	ربو	التربوية	ربو
النقاء	نقي	النقاء	نقي
ضاوي	ضوء	ضاوي	ضوء
الثروة	ثري	الثروة	ثري
الإيجابي	وجب	الإيجابي	وجب
بغيهن	بغي	بغيهن	بغي
واتصالات	وصل	واتصالات	وصل
والمتمردين	مرد	والمتمردين	مرد
كالسيارة	سير	كالسيارة	سير
الملفات	لف	الملفات	لف
ليتعرفوا	عرف	ليتعرفوا	عرف
أساسيون	ءسس	أساسيون	ءسس
والاطلاع	طلع	والاطلاع	طلع
التنسيقي	نسق	التنسيقي	نسق
الطائرات	طير	الطائرات	طير
مغني	غني	مغني	غني
المؤشرات	ءشر	المؤشرات	ءشر
إسلاميون	سلم	إسلاميون	سلم
منبوت	نبت	منبوت	نبت
إستغلهن	غلل	إستغلهن	غلل
سيحركنهن	حرك	سيحركنهن	حرك
الدلال	دلل	الدلال	دلل
وهمية	وهم	وهمية	وهم
فالشرائح	شرح	فالشرائح	شرح
مواشي	مشي	مواشي	مشي
سيصحبا	صحب	سيصحبا	صحب
بالمواجع	وجع	بالمواجع	وجع
السكرتير		السكرتير	
التدميري	دمر	التدميري	دمر
الاستيطانية	وطن	الاستيطانية	وطن
بالتسجيل	سجل	بالتسجيل	سجل
وإعلامية	علم	وإعلامية	علم
متحسن	حسن	متحسن	حسن
فإستمراريتهن	مرر	فإستمراريتهن	مرر
فإستمراريتهم	مرر	فإستمراريتهم	مرر
إستمراريتهن	مرر	إستمراريتهن	مرر
والتوترات	وتر	والتوترات	وتر
التلقائي	لقي	التلقائي	لقي
مستمرة	مرر	مستمرة	مرر
مؤكد	ءكد	مؤكد	ءكد
والمدرس	درس	والمدرس	درس
يستهزء	هزء	يستهزء	هزء
الدراجات	درج	الدراجات	درج
مالون	ملل	مالون	ملل
موالي	ولي	موالي	ولي
الارصاد	رصد	الارصاد	رصد
الإعتراف	عرف	الإعتراف	عرف
الغرقد	غرقد	الغرقد	غرقد
السياسيون	سود	السياسيون	سود
الاحتكارية	حكر	الاحتكارية	حكر
والهئيات	هيئ	والهئيات	هيئ
الجغرافي		الجغرافي	
الاصطناعية	صنع	الاصطناعية	صنع
الصداقات	صدق	الصداقات	صدق
والصحابيين	صحب	والصحابيين	صحب
مذكرتان	ذكر	مذكرتان	ذكر
الطالبان	طلب	الطالبان	طلب
يتبدلون	بدل	يتبدلون	بدل
الاباحية	بوح	الاباحية	بوح
إشتركت	شرك	إشتركت	شرك
التنفسي	نفس	التنفسي	نفس
الناقلتين	نقل	الناقلتين	نقل
مرونه	مرن	مرونه	مرن
والمميزات	ميز	والمميزات	ميز
مأثور	ءثر	مأثور	ءثر
يتأخران	ءخر	يتأخران	ءخر
والشابات	شيب	والشابات	شيب
ويصممون	صمم	ويصممون	صمم
عملهن	عمل	عملهن	عمل
والمتخصين	خصص	والمتخصين	خصص
والساجد	سجد	والساجد	سجد
إرتباطين	ربط	إرتباطين	ربط
الضراء	ضر	الضراء	ضر
التحديات	حدي	التحديات	حدي
الإحتكارية	حكر	الإحتكارية	حكر
التقارير	قرر	التقارير	قرر
ابوك	ءبو	ابوك	ءبو
والتجاري	تجر	والتجاري	تجر
خطائون	خطي	خطائون	خطي
والسياسيين	سوس	والسياسيين	سوس
تحسنت	حسن	تحسنت	حسن
والدراسة	درس	والدراسة	درس
الإخباري	خبر	الإخباري	خبر
خصائص	خصص	خصائص	خصص
البهلوانية	بهل	البهلوانية	بهل
المعتمده	عمد	المعتمده	عمد
والاعلانات	علن	والاعلانات	علن
مستخدموا	خدم	مستخدموا	خدم
إسئلن	سءل	إسئلن	سءل
اصلاحك	صلح	اصلاحك	صلح
إيجادهن	وجد	إيجادهن	وجد
والتطوير	طور	والتطوير	طور
وإستطردت	طرد	وإستطردت	طرد
الصاغة	صوغ	الصاغة	صوغ
حفارة	حفر	حفارة	حفر
يتحركن	حرك	يتحركن	حرك
سيربح	ربح	سيربح	ربح
المتوكل	وكل	المتوكل	وكل
ولوج	ولج	ولوج	ولج
فيتعلق	علق	فيتعلق	علق
كمصيد	صيد	كمصيد	صيد
والإنعكاسات	عكس	والإنعكاسات	عكس
فاقام	قوم	فاقام	قوم
بالمصداقية	صدق	بالمصداقية	صدق
طبيعيون	طبع	طبيعيون	طبع
والمرئية	رءي	والمرئية	رءي
بالتقرير	قرر	بالتقرير	قرر
إذهبوا	ذهب	إذهبوا	ذهب
بالتوافق	وفق	بالتوافق	وفق
مصوتات	صوت	مصوتات	صوت
لتصور	صور	لتصور	صور
المتنقلة	نقل	المتنقلة	نقل
الشرائية	شرء	الشرائية	شرء
والطلبات	طلب	والطلبات	طلب
سيرسلونهن	رسل	سيرسلونهن	رسل
كتبتن	كتب	كتبتن	كتب
إنقسمت	قسم	إنقسمت	قسم
بالتقنية	تقن	بالتقنية	تقن
دموعهن	دمع	دموعهن	دمع
الاستمرارية	مرر	الاستمرارية	مرر
ميون	مين	ميون	مين
المسلحين	سلح	المسلحين	سلح
ومتسللون	سلل	ومتسللون	سلل
والسعال	سعل	والسعال	سعل
القيادية	قود	القيادية	قود
ويتحركوا	حرك	ويتحركوا	حرك
الطلبات	طلب	الطلبات	طلب
ايمان	ءمن	ايمان	ءمن
سيتركا	ترك	سيتركا	ترك
اليسارية	يسر	اليسارية	يسر
أكاذيبهن	كذب	أكاذيبهن	كذب
والمعرفية	عرف	والمعرفية	عرف
وجماهيرية	جمهر	وجماهيرية	جمهر
العباء	عبي	العباء	عبي
مدققات	دقق	مدققات	دقق
القضائية	قضي	القضائية	قضي
الثبات	ثبت	الثبات	ثبت
الشركتان	شرك	الشركتان	شرك
والإداري	دور	والإداري	دور
والرابطين	ربط	والرابطين	ربط
بالتحقيق	حقق	بالتحقيق	حقق
الدلو	دلو	الدلو	دلو
وظيفتهن	وظف	وظيفتهن	وظف
اعراء	عري	اعراء	عري
مطال	مطل	مطال	مطل
أدلة	دل	أدلة	دل
يصممان	صمم	يصممان	صمم
والشعرية	شعر	والشعرية	شعر
إفتتحان	فتح	إفتتحان	فتح
والراحلات	رحل	والراحلات	رحل
متجرح	جرح	متجرح	جرح
الماليين	مول	الماليين	مول
الدوريات	دور	الدوريات	دور
المفكرين	فكر	المفكرين	فكر
مطاط	مطط	مطاط	مطط
السياسي	سود	السياسي	سود
المنسقات	نسق	المنسقات	نسق
المجاميع	جمع	المجاميع	جمع
والتراثية	ورث	والتراثية	ورث
اللاعبين	لعب	اللاعبين	لعب
إعترافاتهن	عرف	إعترافاتهن	عرف
المدونات	دون	المدونات	دون
والعربية	عرب	والعربية	عرب
الرياض	ريض	الرياض	ريض
الإعلاميون	علم	الإعلاميون	علم
للمؤسسات	ءسس	للمؤسسات	ءسس
نمامات	نمم	نمامات	نمم
العاديين	عود	العاديين	عود
إحملوا	حمل	إحملوا	حمل
ومحركين	حرك	ومحركين	حرك
والتصريح	صرح	والتصريح	صرح
الأغن	غنن	الأغن	غنن
اباء	ءبء	اباء	ءبء
والذاهب	ذهب	والذاهب	ذهب
مداحات	مدح	مداحات	مدح
السياسية	سيس;سود	السياسية	سيس;سود
الدفاعية	دفع	الدفاعية	دفع
والتاسعة	تسع	والتاسعة	تسع
التيارات	تير	التيارات	تير
إستمكان	مكن	إستمكان	مكن
حائمة	حوم	حائمة	حوم
التنفيذي	نفذ	التنفيذي	نفذ
الصياغة	سوغ	الصياغة	سوغ
إنشغالهم	شغل	إنشغالهم	شغل
دوواوين	دون	دوواوين	دون
والمختصين	خصص	والمختصين	خصص
الداية	دوي	الداية	دوي
توترات	وتر	توترات	وتر
والخصوصية	خصص	والخصوصية	خصص
بالتوازي	وزي	بالتوازي	وزي
التنفيذيين	نفذ	التنفيذيين	نفذ
الزلازل	زلزل	الزلازل	زلزل
النقوة	نقي	النقوة	نقي
اكذوبة	كذب	اكذوبة	كذب
اثاب	ثوب	اثاب	ثوب
إستمروا	مرر	إستمروا	مرر
اجاج	ءجج	اجاج	ءجج
ابليس	بلس	ابليس	بلس
إسلاميين	سلم	إسلاميين	سلم
التشرذم	شرذم	التشرذم	شرذم
انضمت	ضمم	انضمت	ضمم
فظيحة	فظح	فظيحة	فظح
سأعرفكن	عرف	سأعرفكن	عرف
الملكي	ملك	الملكي	ملك
للتقنيات	قني	للتقنيات	قني
الدستوري	دستر	الدستوري	دستر
ويتسوقون	سوق	ويتسوقون	سوق
بالمجلات	جلل	بالمجلات	جلل
ستتحسن	حسن	ستتحسن	حسن
دمى	دمي	دمى	دمي
احدثك	حدث	احدثك	حدث
الصائغون	صوغ	الصائغون	صوغ
أنجاهن	نجي	أنجاهن	نجي
يربحان	ربح	يربحان	ربح
الخصوصية	خصص	الخصوصية	خصص
وبالنهاية	نهي	وبالنهاية	نهي
تجاريتان	تجر	تجاريتان	تجر
مستغلون	غلل	مستغلون	غلل
الرابط	ربط	الرابط	ربط
بالتنازل	نزل	بالتنازل	نزل
لتبعيته	تبع	لتبعيته	تبع
التأكيد	ءكد	التأكيد	ءكد
المطبعية	طبع	المطبعية	طبع
المستمرة	سمر	المستمرة	سمر
لايستطيع	سطع	لايستطيع	سطع
وساويس	وسوس	وساويس	وسوس
ستستبدلهن	بدل	ستستبدلهن	بدل
اختصاصية	خصص	اختصاصية	خصص
الصباغون	صبغ	الصباغون	صبغ
بالاحداث	حدث	بالاحداث	حدث
متأخرتين	ءخر	متأخرتين	ءخر
الخطابية	خطب	الخطابية	خطب
أبرياء	برئ	أبرياء	برئ
فالتفاعلية	فعل	فالتفاعلية	فعل
الإصلاحي	صلح	الإصلاحي	صلح
مطية	مطي	مطية	مطي
الندوة	ندو	الندوة	ندو
والمتحرك	حرك	والمتحرك	حرك
جغرافيين	جغرف	جغرافيين	جغرف
الرقابية	رقب	الرقابية	رقب
جماهيرية	جمهر	جماهيرية	جمهر
ملونات	لون	ملونات	لون
صيامهن	صوم	صيامهن	صوم
والتدمير	دمر	والتدمير	دمر
الدمية	دمي	الدمية	دمي
والرحابة	رحب	والرحابة	رحب
الفعالية	فعل	الفعالية	فعل
الدراسات	درس	الدراسات	درس
ممولات	مول	ممولات	مول
المرشحات	رشح	المرشحات	رشح
النرويجي		النرويجي	
تصلية	صلي	تصلية	صلي
الإسلاميين	سلم	الإسلاميين	سلم
افتراضية	فرض	افتراضية	فرض
والأدلة	دل	والأدلة	دل
والمحلل	حلل	والمحلل	حلل
والمحللون	حلل	والمحللون	حلل
التحديث	حدث	التحديث	حدث
متجبرات	جبر	متجبرات	جبر
سأستجوبهن	جوب	سأستجوبهن	جوب
مذيبات	ذوب	مذيبات	ذوب
الجنوبية	جنب	الجنوبية	جنب
بالتوقيت	وقع	بالتوقيت	وقع
ليتمكنوا	مكن	ليتمكنوا	مكن
والتشارك	شرك	والتشارك	شرك
الأحاسيس	حسس	الأحاسيس	حسس
الاتفاقيات	وقف	الاتفاقيات	وقف
بالتوقيع	وقع	بالتوقيع	وقع
النظيفة	نظف	النظيفة	نظف
الأصطدام	صدم	الأصطدام	صدم
الثلاثاء	ثلث	الثلاثاء	ثلث
البسكويت		البسكويت	
والتحليلات	حلل	والتحليلات	حلل
إتصالات	وصل	إتصالات	وصل
الراغبون	رغب	الراغبون	رغب
اعتيادية	عيد	اعتيادية	عيد
والملفات	لفف	والملفات	لفف
المتخصصة	خصص	المتخصصة	خصص
العنواين	عنن	العنواين	عنن
اسالك	سءل	اسالك	سءل
التغيرات	غير	التغيرات	غير
واتاحتها	تيح	واتاحتها	تيح
المجرب	جرب	المجرب	جرب
والاتجار	تجر	والاتجار	تجر
الإعلامية	علم	الإعلامية	علم
إستبان	بين	إستبان	بين
والصحابيان	صحب	والصحابيان	صحب
المصرفية	صرف	المصرفية	صرف
المتوفر	وفر	المتوفر	وفر
ابتدائية	بدء	ابتدائية	بدء
المدرسية	درس	المدرسية	درس
الهندسية	هندس	الهندسية	هندس
مكتفي	كفي	مكتفي	كفي
مداواه	دوء	مداواه	دوء
والدردشة	دردش	والدردشة	دردش
والتوتر	وتر	والتوتر	وتر
غربيين	غرب	غربيين	غرب
موزعة	وزع	موزعة	وزع
والشهادات	شهد	والشهادات	شهد
الإرهابي	رهب	الإرهابي	رهب
والصحابي	صحب	والصحابي	صحب
محللون	حلل	محللون	حلل
إذهبا	ذهب	إذهبا	ذهب
التدريجي	درج	التدريجي	درج
يتحركوا	حرك	يتحركوا	حرك
ستربح	ربح	ستربح	ربح
الدروس	درس	الدروس	درس
وبالتحديد	حدد	وبالتحديد	حدد
والاوراق	ورق	والاوراق	ورق
بالسيطرة	سطر	بالسيطرة	سطر
درأة	درء	درأة	درء
الإنقسام	قسم	الإنقسام	قسم
الكيول	كيل	الكيول	كيل
متخذون	ءخذ	متخذون	ءخذ
متمكن	مكن	متمكن	مكن
الحل	حلل	الحل	حلل
إختفاء	خفي	إختفاء	خفي
الثلاثين	ثلث	الثلاثين	ثلث
والرسول	رسل	والرسول	رسل
ديمومه	دوم	ديمومه	دوم
والإرهابيين	رهب	والإرهابيين	رهب
باهداف	هدف	باهداف	هدف
التشكيلات	شكل	التشكيلات	شكل
ليتحدثوا	حدث	ليتحدثوا	حدث
الاقليمي	ءقلم	الاقليمي	ءقلم
دلتهن	دل	دلتهن	دل
والبدوية	بدو	والبدوية	بدو
وللحريات	حري	وللحريات	حري
المستقلة	سقل	المستقلة	سقل
إنهيارات	هور	إنهيارات	هور
مكيث	مكث	مكيث	مكث
الرياضية	روض	الرياضية	روض
لإمكانية	مكن	لإمكانية	مكن
أدوارههم	دور	أدوارههم	دور
التجريبية	جرب	التجريبية	جرب
والدحرجة	دحرج	والدحرجة	دحرج
وإمساكية	مسك	وإمساكية	مسك
والزيارات	زور	والزيارات	زور
مجفو	جفو	مجفو	جفو
والزيارة	زور	والزيارة	زور
باربع	ربع	باربع	ربع
ممحو	محو	ممحو	محو
للشفافية	شفف	للشفافية	شفف
والمهتمين	همم	والمهتمين	همم
بالاجهزة	جهز	بالاجهزة	جهز
اللانهائية	نهي	اللانهائية	نهي
تضحياتهن	ضحو	تضحياتهن	ضحو
تجريبية	جرب	تجريبية	جرب
الاحتياطية	حوط	الاحتياطية	حوط
والترويج	روج	والترويج	روج
يتأخرن	ءخر	يتأخرن	ءخر
باللغتين	لغة	باللغتين	لغة
بالتدقيق	دقق	بالتدقيق	دقق
انبياء	نبء	انبياء	نبء
والطريقة	طرق	والطريقة	طرق
للصناعات	صنع	للصناعات	صنع
والتراسل	رسل	والتراسل	رسل
وتصممان	صمم	وتصممان	صمم
الإعتقالات	عقل	الإعتقالات	عقل
عسكرية	عسكر	عسكرية	عسكر
نباطي	نبط	نباطي	نبط
الدراسة	درس	الدراسة	درس
مازع	مزع	مازع	مزع
شادي	شدو	شادي	شدو
المتعلقة	علق	المتعلقة	علق
الجنة	جنن	الجنة	جنن
سيئاته	سوء	سيئاته	سوء
أنقاتهن	نقي	أنقاتهن	نقي
والترفيه	رفي	والترفيه	رفي
متكررات	كرر	متكررات	كرر
الحفار	حفر	الحفار	حفر
عسكرييها	عسكر	عسكرييها	عسكر
غفرانهن	غفر	غفرانهن	غفر
الأنانية	ءنن	الأنانية	ءنن
وأخصائيي	خصص	وأخصائيي	خصص
مساكة	مسك	مساكة	مسك
السافلة	سفل	السافلة	سفل
المحركان	حرك	المحركان	حرك
والساجدون	سجد	والساجدون	سجد
استئذن	ءذن	استئذن	ءذن
سمعكن	سمع	سمعكن	سمع
مجهز	جهز	مجهز	جهز
والخلاق	خلق	والخلاق	خلق
استقامتهن	قوم	استقامتهن	قوم
السباحة	سبح	السباحة	سبح
مستمرون	مرر	مستمرون	مرر
التجسسية	جسس	التجسسية	جسس
متحجر	حجر	متحجر	حجر
ضناء	ضنو	ضناء	ضنو
والتجهيزات	جهز	والتجهيزات	جهز
التكاليف	كلف	التكاليف	كلف
والتسجيلات	سجل	والتسجيلات	سجل
الضاله	ضلل	الضاله	ضلل
الشائعات	شيع	الشائعات	شيع
المحركات	حرك	المحركات	حرك
متبدلات	بدل	متبدلات	بدل
التمويل	مول	التمويل	مول
المتبدلات	بدل	المتبدلات	بدل
والفنانين	فنن	والفنانين	فنن
الشفافية	شفف	الشفافية	شفف
إمنعن	منع	إمنعن	منع
يتوترون	وتر	يتوترون	وتر
الداخلية	دخل	الداخلية	دخل
